Restaurant Name,Company Name,Cuisine/Type,Zone/Area,Address,Latitude,Longitude,Map Link,Website,Google Rating,Total Reviews,Price Segment,Restaurant Phone,Primary Contact Name,Primary Contact Role,Primary Contact Phone,Primary Contact Email,Decision Maker Name,Decision Maker Details,Other Contact Name,Other Contact Details,Current Brand,Bottle Type,Acquisition Cost (Excl GST),Monthly Volume (Bottles),Proposed APA SKU,Sample Delivery Date,Agreed Margin %,Credit Terms,Competitor Contract Expiry,Lead Source,Salesperson Name,Lead Status,Last Contacted,Interaction Summary,Next Follow-up
Sky Salt Cafe & Bistro,,Food & Beverage Outlet,Jubilee Hills,"Road No. 36, CBI Colony, Jubilee Hills, Hyderabad, Telangana 500033, India",17.433536399999998,78.4050567,https://www.google.com/maps/place/?q=place_id:ChIJbRCWCVWRyzsRuWqKlsYB5A8,,4.6,1113,₹微,,,,,,,,,,,,,,,,,,,Google Map Places New V2 API,,Cold Lead,2026-05-16 20:07,,
Daily Rituals,,Food & Beverage Outlet,Jubilee Hills,"8-2-293/82/A/1181, Road No. 45 Jubilee Hills, Jubilee Hills, Hyderabad, Telangana 500033, India",17.4274401,78.4062575,https://www.google.com/maps/place/?q=place_id:ChIJEcsLC1uRyzsRDFcz9mrIcvA,,4.4,2879,₹微,,,,,,,,,,,,,,,,,,,Google Map Places New V2 API,,Cold Lead,2026-05-16 20:07,,
Mairu Bistro,,Food & Beverage Outlet,Jubilee Hills,"815-A, Rd Number 41, CBI Colony, Jubilee Hills, Hyderabad, Telangana 500033, India",17.4333475,78.4038009,https://www.google.com/maps/place/?q=place_id:ChIJFc1nW_uRyzsRe_i-oM0Vl4w,,4.4,2423,₹₹₹,,,,,,,,,,,,,,,,,,,Google Map Places New V2 API,,Cold Lead,2026-05-16 20:07,,
Makau Kitchen and Bar,,Food & Beverage Outlet,Jubilee Hills,"H.No. 8-2-293/82/A/732/1 Plot No. 732, Rd Number 37, opposite GVPR Engineering's, CBI Colony, Jubilee Hills, Hyderabad, Telangana 500033, India",17.4374696,78.3996408,https://www.google.com/maps/place/?q=place_id:ChIJpXZlfceRyzsRHgTCAGVK43s,,4.1,6024,₹₹₹,,,,,,,,,,,,,,,,,,,Google Map Places New V2 API,,Cold Lead,2026-05-16 20:07,,
So The Sky Kitchen,,Food & Beverage Outlet,Jubilee Hills,"4th floor, No.550-F, Aryans building, Road No. 92, Jubilee Hills, Hyderabad, Telangana 500033, India",17.416204,78.416921,https://www.google.com/maps/place/?q=place_id:ChIJ66ViR86WyzsRIR8Wwjtiq1o,,4.0,2983,₹₹₹,,,,,,,,,,,,,,,,,,,Google Map Places New V2 API,,Cold Lead,2026-05-16 20:07,,
Forefathers,,Food & Beverage Outlet,Jubilee Hills,"872, Road No. 45 Jubilee Hills, Masthan Nagar, CBI Colony, Jubilee Hills, Hyderabad, Telangana 500033, India",17.4309862,78.40179289999999,https://www.google.com/maps/place/?q=place_id:ChIJLZYNDgCRyzsRUmrpcq0HbMM,,4.3,1566,₹微,,,,,,,,,,,,,,,,,,,Google Map Places New V2 API,,Cold Lead,2026-05-16 20:07,,
Lord of the Drinks,,Food & Beverage Outlet,Jubilee Hills,"Road No. 45 Jubilee Hills, CBI Colony, Jubilee Hills, Hyderabad, Telangana 500033, India",17.4293223,78.40318049999999,https://www.google.com/maps/place/?q=place_id:ChIJi6oP_M-RyzsRsoxs9sB6rpk,,4.0,937,₹₹₹,,,,,,,,,,,,,,,,,,,Google Map Places New V2 API,,Cold Lead,2026-05-16 20:07,,
Noodle Crush,,Food & Beverage Outlet,Jubilee Hills,"193, Rd Number 13, Jubilee Hills, Hyderabad, Telangana 500033, India",17.4307104,78.4160575,https://www.google.com/maps/place/?q=place_id:ChIJ5fusFwqRyzsRrqE1IAcFolc,,4.1,70,₹微,,,,,,,,,,,,,,,,,,,Google Map Places New V2 API,,Cold Lead,2026-05-16 20:07,,
Theory Patisserie & Cafe,,Food & Beverage Outlet,Jubilee Hills,"Plot No. 178, Rd Number 13, Jubilee Hills, Hyderabad, Telangana 500033, India",17.431852,78.4146894,https://www.google.com/maps/place/?q=place_id:ChIJUzKSzdaRyzsRcQ2HKRBif6k,,4.2,2059,₹₹₹,,,,,,,,,,,,,,,,,,,Google Map Places New V2 API,,Cold Lead,2026-05-16 20:07,,
BEL POSTO THE CAFE,,Food & Beverage Outlet,Jubilee Hills,"853A, Rd Number 44, beside bel posto the cafe, CBI Colony, Jubilee Hills, Hyderabad, Telangana 500033, India",17.431121,78.40266609999999,https://www.google.com/maps/place/?q=place_id:ChIJ0SEGBQ2RyzsRLcsBs0f0fxM,,4.6,4810,₹微,,,,,,,,,,,,,,,,,,,Google Map Places New V2 API,,Cold Lead,2026-05-16 20:07,,
Babylon Kitchen & Bar - Hyderabad,,Food & Beverage Outlet,Jubilee Hills,"Plot no 346,8-2-193/82/A/346/1, Jubilee Hills, Hyderabad, Telangana 500033, India",17.4335298,78.40784839999999,https://www.google.com/maps/place/?q=place_id:ChIJe-RRhLeRyzsR4BsG5liqbuE,,4.1,3616,₹₹₹₹,,,,,,,,,,,,,,,,,,,Google Map Places New V2 API,,Cold Lead,2026-05-16 20:07,,
TABERNA Club&Kitchen,,Food & Beverage Outlet,Jubilee Hills,"Neerus Emporium Building, Road No. 36, Aditya Enclave, Venkatagiri, Jubilee Hills, Hyderabad, Telangana 500033, India",17.4386816,78.3996919,https://www.google.com/maps/place/?q=place_id:ChIJecwQrRCRyzsRDRMpRS_Gnwo,,4.0,819,₹微,,,,,,,,,,,,,,,,,,,Google Map Places New V2 API,,Cold Lead,2026-05-16 20:07,,
Prost,,Food & Beverage Outlet,Jubilee Hills,"besides Quadro living, Plot # 1026, Road No. 45 Jubilee Hills, CBI Colony, Jubilee Hills, Hyderabad, Telangana 500033, India",17.4295601,78.4029017,https://www.google.com/maps/place/?q=place_id:ChIJPU_G2E6RyzsRs95LdTHxZek,,4.3,18595,₹₹₹,,,,,,,,,,,,,,,,,,,Google Map Places New V2 API,,Cold Lead,2026-05-16 20:07,,
Aidu Kitchen,,Food & Beverage Outlet,Jubilee Hills,"Plot no 1057/G, Road No. 45 Jubilee Hills, beside SBI Bank, Nandagiri Hills, Jubilee Hills, Hyderabad, Telangana 500033, India",17.427192299999998,78.40601769999999,https://www.google.com/maps/place/?q=place_id:ChIJAQUpXACRyzsRBN2VsfBqd08,,4.3,1856,₹微,,,,,,,,,,,,,,,,,,,Google Map Places New V2 API,,Cold Lead,2026-05-16 20:07,,
Yummy Bee Jubilee Hills- Sugar Free & Gluten Free Cakes | Millets Desserts,,Food & Beverage Outlet,Jubilee Hills,"Road No 24, no 18, Plot No 371, Circle, Jubilee Hills, Hyderabad, Telangana 500033, India",17.4344975,78.4066872,https://www.google.com/maps/place/?q=place_id:ChIJf7dXb76RyzsRWFB7669O56k,,4.5,997,₹微,,,,,,,,,,,,,,,,,,,Google Map Places New V2 API,,Cold Lead,2026-05-16 20:07,,
Olive Bistro & Bar,,Food & Beverage Outlet,Jubilee Hills,"Durgam Cheruvu At Kona's, Road No 46, Silent Valley hills, Jubilee Hills, Hyderabad, Telangana 500033, India",17.4295492,78.3927274,https://www.google.com/maps/place/?q=place_id:ChIJBdTHClGRyzsRjU5SWqXEeJk,,4.3,8904,₹₹₹,,,,,,,,,,,,,,,,,,,Google Map Places New V2 API,,Cold Lead,2026-05-16 20:07,,
Conçu Jubilee Hills,,Food & Beverage Outlet,Jubilee Hills,"Plot No 738, Rd Number 37, CBI Colony, Jubilee Hills, Hyderabad, Telangana 500033, India",17.436679599999998,78.3995664,https://www.google.com/maps/place/?q=place_id:ChIJZ3mAREiRyzsRIxCCJu8JwzU,,4.5,8190,₹₹₹,,,,,,,,,,,,,,,,,,,Google Map Places New V2 API,,Cold Lead,2026-05-16 20:07,,
Grease Monkey,,Food & Beverage Outlet,Jubilee Hills,"5th Floor Empire Square Building Road no 36, Jubilee Hills Check Post Rd, Jawahar Colony, Jubilee Hills, Hyderabad, Telangana 500033, India",17.4283066,78.4140208,https://www.google.com/maps/place/?q=place_id:ChIJ96gddEeRyzsRHXzgXmnbTR4,,4.1,1650,₹₹₹,,,,,,,,,,,,,,,,,,,Google Map Places New V2 API,,Cold Lead,2026-05-16 20:07,,
Luft Bar and Kitchen,,Food & Beverage Outlet,Jubilee Hills,"pillar no.1630, 82, Apurupa Towers, 8-2-293, Road No. 36, Jawahar Colony, Jubilee Hills, Hyderabad, Telangana 500033, India",17.4303155,78.4115135,https://www.google.com/maps/place/?q=place_id:ChIJ42_aqM2RyzsRt2CeWw14bm0,,3.9,775,₹微,,,,,,,,,,,,,,,,,,,Google Map Places New V2 API,,Cold Lead,2026-05-16 20:07,,
The Hole In The Wall Cafe,,Food & Beverage Outlet,Jubilee Hills,"Rd Number 38, CBI Colony, Jubilee Hills, Hyderabad, Telangana 500033, India",17.436016,78.4005604,https://www.google.com/maps/place/?q=place_id:ChIJwW581DSRyzsR0Umw22qvL_0,,4.1,3495,₹微,,,,,,,,,,,,,,,,,,,Google Map Places New V2 API,,Cold Lead,2026-05-16 20:07,,
Terra Cafe & Bistro,,Food & Beverage Outlet,Jubilee Hills,"Plot No: 479/B, Road No: 21, beside Tanishq Lane, Jubilee Hills, Hyderabad, Telangana 500033, India",17.4318472,78.40831779999999,https://www.google.com/maps/place/?q=place_id:ChIJrYoeAU2RyzsRL_HU7c2mjUE,,4.0,742,₹₹,,,,,,,,,,,,,,,,,,,Google Map Places New V2 API,,Cold Lead,2026-05-16 20:16,,
ASTER CAFE & KITCHEN,,Food & Beverage Outlet,Banjara Hills,"lane, Road No. 12, behind Kawasaki bike show room, beside Kawasaki show room, Anand Banjara Colony, Banjara Hills, Hyderabad, Telangana 500028, India",17.4111223,78.43745009999999,https://www.google.com/maps/place/?q=place_id:ChIJnzK9B3SXyzsR5wxXD3IFP1M,,4.2,478,₹₹,,,,,,,,,,,,,,,,,,,Google Map Places New V2 API,,Cold Lead,2026-05-16 20:17,,
"Louis Burger, Banjara Hills",,Food & Beverage Outlet,Banjara Hills,"Plot 17, Road, Mithila Nagar, Banjara Hills, Hyderabad, Telangana 500034, India",17.407856199999998,78.43476500000001,https://www.google.com/maps/place/?q=place_id:ChIJ_0ytKtqXyzsRVNJo6WbE1ZE,,4.1,221,₹₹,,,,,,,,,,,,,,,,,,,Google Map Places New V2 API,,Cold Lead,2026-05-16 20:17,,
Girlfriend Mandi,,Food & Beverage Outlet,Banjara Hills,"Girl friend Mandi, beside Jade Blu, Banjara Hills, Hyderabad, Telangana 500082, India",17.4220571,78.44966289999999,https://www.google.com/maps/place/?q=place_id:ChIJ463hGQCXyzsRhZ4csZNeAYc,,4.8,7330,₹₹,,,,,,,,,,,,,,,,,,,Google Map Places New V2 API,,Cold Lead,2026-05-16 20:17,,
The Bun-Wigi,,Food & Beverage Outlet,Banjara Hills,"8-2, 602/C, Road No. 10, Zahara Nagar, Banjara Hills, Hyderabad, Telangana 500034, India",17.4164662,78.4406237,https://www.google.com/maps/place/?q=place_id:ChIJ6zJP5pKXyzsR7UawlL8ih-k,,4.7,148,₹₹,,,,,,,,,,,,,,,,,,,Google Map Places New V2 API,,Cold Lead,2026-05-16 20:17,,
Burp Station,,Food & Beverage Outlet,Banjara Hills,"CCFP+PC3, Rd Number 3, Shawkatnagar, Andhra Pradesh Real Estate, Green Valley, Banjara Hills, Hyderabad, Telangana 500034, India",17.4242593,78.4360595,https://www.google.com/maps/place/?q=place_id:ChIJvT1AKN-XyzsRP53NcZZd2Xo,,4.4,55,₹₹,,,,,,,,,,,,,,,,,,,Google Map Places New V2 API,,Cold Lead,2026-05-16 20:17,,
Ohri's Eatmor Banjara Hills,,Food & Beverage Outlet,Banjara Hills,"Door No. 8 Ground Floor, 2-682/3, Road No. 12, Fortune Enclave, Sri Ram Nagar Colony, Banjara Hills, Hyderabad, Telangana 500028, India",17.4083838,78.4389468,https://www.google.com/maps/place/?q=place_id:ChIJ17bNmiSXyzsR6d9WjpnvsOc,,3.9,1774,₹₹,,,,,,,,,,,,,,,,,,,Google Map Places New V2 API,,Cold Lead,2026-05-16 20:17,,
SmokeShack,,Food & Beverage Outlet,Banjara Hills,"plot no.299, h.no. 8-2-309/7/3, sy no, ward no 10, block, 129/81, Street No. 3, Venkat Nagar, Banjara Hills, Hyderabad, Telangana 500034, India",17.4217145,78.4333571,https://www.google.com/maps/place/?q=place_id:ChIJ9Slx4lyXyzsRTFG0AmjiknE,,4.7,516,₹₹,,,,,,,,,,,,,,,,,,,Google Map Places New V2 API,,Cold Lead,2026-05-16 20:17,,
Resto Cafe,,Food & Beverage Outlet,Banjara Hills,"First Lancer Rd, Ahmed Nagar, Banjara Hills, Hyderabad, Telangana 500028, India",17.405891999999998,78.4511156,https://www.google.com/maps/place/?q=place_id:ChIJA2UQ9ruXyzsRQWqywx52Lj4,,4.3,13,₹₹,,,,,,,,,,,,,,,,,,,Google Map Places New V2 API,,Cold Lead,2026-05-16 20:17,,
Angry Sardar Hyderabad,,Food & Beverage Outlet,Banjara Hills,"Plot no. 217, Road No. 2, beside TDP office, Park View Enclave, Banjara Hills, Hyderabad, Telangana 500034, India",17.4238927,78.4247151,https://www.google.com/maps/place/?q=place_id:ChIJAdr3Sp2XyzsRh_ufqFdvCs4,,4.4,99,₹₹,,,,,,,,,,,,,,,,,,,Google Map Places New V2 API,,Cold Lead,2026-05-16 20:17,,
Habitat Cafe,,Food & Beverage Outlet,Banjara Hills,"Terrace, Vimbri Boulevard, Road No 4, Green Valley, Banjara Hills, Hyderabad, Telangana 500034, India",17.4211614,78.4430845,https://www.google.com/maps/place/?q=place_id:ChIJTc5d6hOXyzsREQ7w6WFh1lU,,4.5,5845,₹₹,,,,,,,,,,,,,,,,,,,Google Map Places New V2 API,,Cold Lead,2026-05-16 20:17,,
THE JOINT - Bar.Cafe,,Food & Beverage Outlet,Banjara Hills,"Road No. 8, Zahara Nagar, Banjara Hills, Hyderabad, Telangana 500034, India",17.4175824,78.4443003,https://www.google.com/maps/place/?q=place_id:ChIJ4XrmDjGXyzsRH-v0_qBnvc0,,4.2,3923,₹₹₹,,,,,,,,,,,,,,,,,,,Google Map Places New V2 API,,Cold Lead,2026-05-16 20:17,,
The Grind Cafe,,Food & Beverage Outlet,Banjara Hills,"Saleha Manzil, 8-2-248/5/10, Rd Number 3, behind Tata Capital, North H Block, Journalist Colony, Venkateshwara Hills, Banjara Hills, Hyderabad, Telangana 500082, India",17.4274605,78.44621599999999,https://www.google.com/maps/place/?q=place_id:ChIJlSSdaNaRyzsRxNM3GH79_vk,,4.3,400,₹₹,,,,,,,,,,,,,,,,,,,Google Map Places New V2 API,,Cold Lead,2026-05-16 20:17,,
Roast CCX - Coffee & Culinary Xperience,,Food & Beverage Outlet,Banjara Hills,"GAR, Laxmi Pinnacle, Venkat Nagar, Banjara Hills, Hyderabad, Telangana 500034, India",17.4235358,78.4322506,https://www.google.com/maps/place/?q=place_id:ChIJ8d4xE4OXyzsR43vH2II6Of4,,4.6,5392,₹₹,,,,,,,,,,,,,,,,,,,Google Map Places New V2 API,,Cold Lead,2026-05-16 20:17,,
Touch Restaurant,,Food & Beverage Outlet,Banjara Hills,"CC8Q+J99, Kaifi Azmi Road, Kamalapuri Colony, Banjara Hills, Hyderabad, Telangana 500034, India",17.4165395,78.438474,https://www.google.com/maps/place/?q=place_id:ChIJCYbqTdWWyzsRVljk5HTAi-s,,4.0,293,₹₹,,,,,,,,,,,,,,,,,,,Google Map Places New V2 API,,Cold Lead,2026-05-16 20:17,,
Niloufer Chath,,Food & Beverage Outlet,Banjara Hills,"Divine Banjara - AMN, 5th floor, Command and Control Centre, 8-2-685, Road No. 12, Venkateswara Colony, Banjara Hills, Hyderabad, Telangana 500034, India",17.4131699,78.42801299999999,https://www.google.com/maps/place/?q=place_id:ChIJZSBxDXaXyzsRLzGiEMoYkiY,,4.1,122,₹₹,,,,,,,,,,,,,,,,,,,Google Map Places New V2 API,,Cold Lead,2026-05-16 20:17,,
Arabian Forest Cafe,,Food & Beverage Outlet,Banjara Hills,"Total energy Gas Station, Barkas Rd, Yerrakunta, Chandrayangutta, Hyderabad, Telangana 500005, India",17.309628,78.4760154,https://www.google.com/maps/place/?q=place_id:ChIJacJfixyjyzsRu8WWKkLIDxg,,4.7,573,₹₹,,,,,,,,,,,,,,,,,,,Google Map Places New V2 API,,Cold Lead,2026-05-16 20:17,,
Bourbon & Breeze,,Food & Beverage Outlet,Banjara Hills,"3rd Floor, 8-2, 293/174, Road No. 14, above Pint & Play Sports Bar, BNR Colony, BN Reddy Colony, Banjara Hills, Hyderabad, Telangana 500034, India",17.4220871,78.4283368,https://www.google.com/maps/place/?q=place_id:ChIJyxaGw6qXyzsRFQ2ewwGX0Rc,,4.1,697,₹₹,,,,,,,,,,,,,,,,,,,Google Map Places New V2 API,,Cold Lead,2026-05-16 20:17,,
Katha Coffee & Bakehouse | Banjara Hills,,Food & Beverage Outlet,Banjara Hills,"8-2-351, Rd Number 3, Green Valley, Banjara Hills, Hyderabad, Telangana 500082, India",17.4264556,78.445574,https://www.google.com/maps/place/?q=place_id:ChIJJ17mDsaRyzsRNyVNzr7p0DI,,4.2,1278,₹₹,,,,,,,,,,,,,,,,,,,Google Map Places New V2 API,,Cold Lead,2026-05-16 20:17,,
Oraya Sky Lounge & Cafe,,Food & Beverage Outlet,Banjara Hills,"5th Floor, Mansingh Square, Road No. 12, Venkateswara Colony, Banjara Hills, Hyderabad, Telangana 500028, India",17.4140938,78.4266055,https://www.google.com/maps/place/?q=place_id:ChIJ1Si0V2eXyzsRKZyv0lTi7pw,,4.2,57,₹₹,,,,,,,,,,,,,,,,,,,Google Map Places New V2 API,,Cold Lead,2026-05-16 20:17,,
Nommé,,Food & Beverage Outlet,Banjara Hills,"Road No. 2, Rd, Park View Enclave, Banjara Hills, Hyderabad, Telangana 500034, India",17.4245896,78.4225159,https://www.google.com/maps/place/?q=place_id:ChIJL4ogNxyRyzsRsaJ62JQXzFs,,4.6,1167,₹₹,,,,,,,,,,,,,,,,,,,Google Map Places New V2 API,,Cold Lead,2026-05-16 20:17,,
Syala kitchen,,Chicken Wings Restaurant,Jubilee Hills,"10/a, Hylam Colony Rd, Gayatri Hills, Jubilee Hills, Hyderabad, Telangana 500033, India",17.4354424,78.4157872,https://www.google.com/maps/place/?q=place_id:ChIJHWjjEACRyzsRT4oZOWQwByw,,4.0,578,₹₹,,,,,,,,,,,,,,,,,,,Google Map Places New V2 API,,Cold Lead,2026-05-16 20:26,,
The Happy Yard,,Bar,Jubilee Hills,"879, Durgam Cheruvu Rd, CBI Colony, Jubilee Hills, Hyderabad, Telangana 500033, India",17.4297419,78.403441,https://www.google.com/maps/place/?q=place_id:ChIJ054MGwCRyzsR_v2FfQ2rjnM,,4.5,390,₹₹,,,,,,,,,,,,,,,,,,,Google Map Places New V2 API,,Cold Lead,2026-05-16 20:26,,
Nataka Kitchen & Cafe,,Indian Restaurant,Jubilee Hills,"Rd Number 10C, Venkatagiri, Jubilee Hills, Hyderabad, Telangana 500033, India",17.4361666,78.412336,https://www.google.com/maps/place/?q=place_id:ChIJoQznqQ-RyzsR8NbtU0nqL8w,,4.3,1761,₹₹,,,,,,,,,,,,,,,,,,,Google Map Places New V2 API,,Cold Lead,2026-05-16 20:26,,
Animal Park Mandi House - JUBLIEE HILLS,,Restaurant,Jubilee Hills,"2nd Floor, Jubilee Square, 1128, Road No. 36, Jubilee Hills, Hyderabad, Telangana 500033, India",17.430490400000004,78.40815479999999,https://www.google.com/maps/place/?q=place_id:ChIJiRvVMmaRyzsRFJZ3nYWTSwY,,4.8,244,₹₹,,,,,,,,,,,,,,,,,,,Google Map Places New V2 API,,Cold Lead,2026-05-16 20:26,,
REVOLT BAR N KITCHEN,,Bar,Jubilee Hills,"644, Road No. 36, Aditya Enclave, Venkatagiri, Jubilee Hills, Hyderabad, Telangana 500033, India",17.4379603,78.4003637,https://www.google.com/maps/place/?q=place_id:ChIJIUbtOUSRyzsRU3OYD3wOkV4,,4.0,4437,₹₹,,,,,,,,,,,,,,,,,,,Google Map Places New V2 API,,Cold Lead,2026-05-16 20:26,,
Makobrew Vegetarian Restaurant & Cafe | Jubilee Hills,,Vegetarian Restaurant,Jubilee Hills,"Sri Peddamma Thalli Temple, Rd Number 44, CBI Colony, Jubilee Hills, Hyderabad, Telangana 500033, India",17.4288626,78.4055937,https://www.google.com/maps/place/?q=place_id:ChIJ800aaQuRyzsRl1tGSCbE5EM,,4.4,2877,₹₹₹,,,,,,,,,,,,,,,,,,,Google Map Places New V2 API,,Cold Lead,2026-05-16 20:26,,
ASF - Lava Stone Buffet Restaurant,,Buffet Restaurant,Jubilee Hills,"First Floor, Pillar No 1642, Plot No: 471, Road No. 36, above MC Donald's, Jubilee Hills, Hyderabad, Telangana 500033, India",17.4306725,78.4088518,https://www.google.com/maps/place/?q=place_id:ChIJm51LeF6RyzsRaOz6ib4g2Oc,,4.7,4827,₹₹,,,,,,,,,,,,,,,,,,,Google Map Places New V2 API,,Cold Lead,2026-05-16 20:26,,
Tatva Restaurant - Jubilee Hills,,Vegetarian Restaurant,Jubilee Hills,"Building, 1st Floor, Building, 1st Floor, S L Jubilee, 1215/A, Road No. 36, Jubilee Hills, Hyderabad, Telangana 500033, India",17.4293,78.410124,https://www.google.com/maps/place/?q=place_id:ChIJWSH6KTSRyzsRxdfMivZxEFk,,4.3,6004,₹₹₹,,,,,,,,,,,,,,,,,,,Google Map Places New V2 API,,Cold Lead,2026-05-16 20:27,,
The Sanctuary Bar and Kitchen,,Restaurant,Jubilee Hills,"Plot No. 29, Road No. 1, Film Nagar, Jubilee Hills, Hyderabad, Telangana 500096, India",17.4169806,78.41094079999999,https://www.google.com/maps/place/?q=place_id:ChIJmRliz4mXyzsRbEqelEkuxoo,,4.1,2711,₹₹,,,,,,,,,,,,,,,,,,,Google Map Places New V2 API,,Cold Lead,2026-05-16 20:27,,
Tiger Lily - Cafe and Bistro,,Restaurant,Jubilee Hills,"272, Road Number 10, near SBricks Castle Pvt. Ltd, Venkatagiri, Jubilee Hills, Hyderabad, Telangana 500033, India",17.435686999999998,78.410528,https://www.google.com/maps/place/?q=place_id:ChIJqai0WruRyzsRnsTjCy9_yos,,4.3,2758,₹₹₹,,,,,,,,,,,,,,,,,,,Google Map Places New V2 API,,Cold Lead,2026-05-16 20:27,,
Illu The Restaurant,,Restaurant,Jubilee Hills,"775D, Masthan Nagar, CBI Colony, Jubilee Hills, Hyderabad, Telangana 500033, India",17.432174,78.3988215,https://www.google.com/maps/place/?q=place_id:ChIJOTQ5LWuRyzsRivbNWDvPQhs,,4.8,3738,₹₹,,,,,,,,,,,,,,,,,,,Google Map Places New V2 API,,Cold Lead,2026-05-16 20:27,,
SkyPark Cafe,,Cafe,Banjara Hills,"5th Floor, Owners Pride Building - 3rd Floor = Spinsci Technologies, 8-2-68/1/B/B1, Road No. 12, GS Nagar, Nandi Nagar, Banjara Hills, Hyderabad, Telangana 500028, India",17.407909,78.442516,https://www.google.com/maps/place/?q=place_id:ChIJNwpnpzyXyzsRggjg8Dx3HdM,,4.0,1091,₹₹,,,,,,,,,,,,,,,,,,,Google Map Places New V2 API,,Cold Lead,2026-05-16 20:27,,
Street View Express,,Chinese Restaurant,Banjara Hills,"Road No. 14, beside Banjara pet needs, GS Nagar, Nandi Nagar, Banjara Hills, Hyderabad, Telangana 500034, India",17.4217495,78.4338353,https://www.google.com/maps/place/?q=place_id:ChIJJ4vaxQuTyzsR7rlG5FNQrHw,,3.8,53,₹₹,,,,,,,,,,,,,,,,,,,Google Map Places New V2 API,,Cold Lead,2026-05-16 20:27,,
Brew & Crew cafe | BanjaraHills,,Cafe,Banjara Hills,"8-2-610/A, Road No. 10, Gaffar Khan Colony, Banjara Hills, Hyderabad, Telangana 500034, India",17.413887199999998,78.4458977,https://www.google.com/maps/place/?q=place_id:ChIJ5-tKQziXyzsRWOHx4RwyX3w,,4.7,59,₹₹,,,,,,,,,,,,,,,,,,,Google Map Places New V2 API,,Cold Lead,2026-05-16 20:27,,
"Mezbaan Kitchen -Veg & Non-Veg Menu ,North & South Food Menu,Bday,Kitty Party,Family, Couples Lunch & Dinner",,Consultant,Banjara Hills,"Ground Floor, Delta Seacon, 8-2, Rd Number 11, Mithila Nagar, Banjara Hills, Hyderabad, Telangana 500034, India",17.4132548,78.4478903,https://www.google.com/maps/place/?q=place_id:ChIJx5bFI-GXyzsRQp7PTxh3pqA,,4.7,523,₹₹,,,,,,,,,,,,,,,,,,,Google Map Places New V2 API,,Cold Lead,2026-05-16 20:27,,
Nalla’s The Royal Treat Restaurant And Banquet,,South Indian Restaurant,Banjara Hills,"3rd and 4th Floor, Lumbini Jewel Mall, Plot No. 7 - B, Road No. 2, Venkateshwara Nagar, Aurora Colony, Banjara Hills, Hyderabad, Telangana 500034, India",17.4258968,78.4355188,https://www.google.com/maps/place/?q=place_id:ChIJD-6_312RyzsRA5npF5pAdFk,,4.7,347,₹₹,,,,,,,,,,,,,,,,,,,Google Map Places New V2 API,,Cold Lead,2026-05-16 20:27,,
Exotica Banjara Hills,,North Indian Restaurant,Banjara Hills,"5th Floor, 12th Square Building, NBT Nagar, Banjara Hills, Hyderabad, Telangana 500034, India",17.4104255,78.4374572,https://www.google.com/maps/place/?q=place_id:ChIJC0YLTmGXyzsRlhNidNMcDh8,,4.3,10893,₹₹,,,,,,,,,,,,,,,,,,,Google Map Places New V2 API,,Cold Lead,2026-05-16 20:27,,
Golden Pavilion Fine Dine Restaurant,,Family Restaurant,Banjara Hills,"Plot No 283-A, Road No. 12, MLA Colony, Banjara Hills, Hyderabad, Telangana 500028, India",17.414101499999997,78.42347989999999,https://www.google.com/maps/place/?q=place_id:ChIJQ5o9fWCXyzsRn-7OdXAYOzA,,4.6,1613,₹₹,,,,,,,,,,,,,,,,,,,Google Map Places New V2 API,,Cold Lead,2026-05-16 20:27,,
Hill side Restaurant,,Restaurant,Banjara Hills,"Hyatt Place, opp. GVK ONE mall, beside park, Green Valley, Banjara Hills, Hyderabad, Telangana 500034, India",17.420299099999998,78.4449673,https://www.google.com/maps/place/?q=place_id:ChIJHRoXApeXyzsRmo1HDdtEL2o,,5.0,46,₹₹,,,,,,,,,,,,,,,,,,,Google Map Places New V2 API,,Cold Lead,2026-05-16 20:27,,
basavaKalyan Empire Restaurant Hyderabad,,Family Restaurant,Banjara Hills,"8-2-335, 4, Road No. 5, SBI Executive Enclave, Green Valley, Banjara Hills, Hyderabad, Telangana 500034, India",17.425034399999998,78.43931169999999,https://www.google.com/maps/place/?q=place_id:ChIJhbnjnsmRyzsRxUOZ0LFwOpo,,3.8,527,₹₹,,,,,,,,,,,,,,,,,,,Google Map Places New V2 API,,Cold Lead,2026-05-16 20:27,,
RIKA,,Asian Restaurant,Banjara Hills,"Mezzanine Floor, Park Hyatt, near Sri Nagar Colony, Sri Nagar Colony, Kamalapuri Colony, Banjara Hills, Hyderabad, Telangana 500034, India",17.4248087,78.4295882,https://www.google.com/maps/place/?q=place_id:ChIJIRRbbL-RyzsRNjAZYeVKJhU,,4.3,113,₹₹,,,,,,,,,,,,,,,,,,,Google Map Places New V2 API,,Cold Lead,2026-05-16 20:27,,
Spice It,,Restaurant,HITEC City,"Plot 3/2, Sector II, HUDA Techno Enclave, Patrika Nagar, HITEC City, Hyderabad, Telangana 500081, India",17.4474773,78.3788052,https://www.google.com/maps/place/?q=place_id:ChIJWWyzft6TyzsR4WqUaoVE0ng,,4.1,295,₹₹,,,,,,,,,,,,,,,,,,,Google Map Places New V2 API,,Cold Lead,2026-05-16 20:28,,
Am Aha Kitchen and Bar - Hitec City,,South Indian Restaurant,HITEC City,"beside Trident Hotel, Patrika Nagar, HITEC City, Hyderabad, Telangana 500081, India",17.450578099999998,78.3792165,https://www.google.com/maps/place/?q=place_id:ChIJCRMkBgCTyzsRETLXphI37A4,,4.7,779,₹₹,,,,,,,,,,,,,,,,,,,Google Map Places New V2 API,,Cold Lead,2026-05-16 20:28,,
MK restaurant,,Restaurant,HITEC City,"2-Aug H.No: 19/7, B/27/4, 117, HUDA Techno Enclave, HITEC City, Hyderabad, Telangana 500081, India",17.446311899999998,78.37874479999999,https://www.google.com/maps/place/?q=place_id:ChIJRd1no62TyzsRPqyJD2KkPmo,,3.8,12,₹₹,,,,,,,,,,,,,,,,,,,Google Map Places New V2 API,,Cold Lead,2026-05-16 20:28,,
BIG PLATE MANDI HITECH CITY,,Restaurant,HITEC City,"Rohini Lay Out, Survey No. 64 (P, Plot No. 1 & 2, Hitech City Rd, opposite SHILPARAMAM, Surya Enclave, Madhapur, Hyderabad, Kothaguda, Telangana 500081, India",17.4527421,78.3803148,https://www.google.com/maps/place/?q=place_id:ChIJQX3oRACTyzsRYITnjwROO9U,,4.7,2347,₹₹,,,,,,,,,,,,,,,,,,,Google Map Places New V2 API,,Cold Lead,2026-05-16 20:28,,
FAT TIGER - MindSpace,,Cafe,HITEC City,"C9RJ+JVW, HITEC City, Hyderabad, Telangana 500081, India",17.441642599999998,78.3817972,https://www.google.com/maps/place/?q=place_id:ChIJQdbRZACTyzsRlqRSoyubgEk,,4.1,46,₹₹,,,,,,,,,,,,,,,,,,,Google Map Places New V2 API,,Cold Lead,2026-05-16 20:28,,
Palle Vindu Hitechcity,,Restaurant,HITEC City,"2nd floor, Hardhik crown building, above HDFC bank, HUDA Techno Enclave, HITEC City, Hyderabad, Telangana 500081, India",17.4457467,78.3776058,https://www.google.com/maps/place/?q=place_id:ChIJBau6KLWTyzsR1xSauqzjPJE,,4.6,384,₹₹,,,,,,,,,,,,,,,,,,,Google Map Places New V2 API,,Cold Lead,2026-05-16 20:28,,
Daily Treats,,Deli,HITEC City,"Raheja IT Park, Mindspace, HUDA Techno Enclave, HITEC City, Hyderabad, Telangana 500081, India",17.4425419,78.3816452,https://www.google.com/maps/place/?q=place_id:ChIJHXrEreGTyzsRID2EFPqBlSs,,4.4,75,₹₹,,,,,,,,,,,,,,,,,,,Google Map Places New V2 API,,Cold Lead,2026-05-16 20:28,,
Happi Hyderabad Restaurants,,South Indian Restaurant,HITEC City,"Plot no, 56, Hitech City Rd, HUDA Techno Enclave, HITEC City, Hyderabad, Telangana 500081, India",17.4449866,78.38412939999999,https://www.google.com/maps/place/?q=place_id:ChIJoxCKbgCTyzsRBv_2XR6rKTI,,5.0,8,₹₹,,,,,,,,,,,,,,,,,,,Google Map Places New V2 API,,Cold Lead,2026-05-16 20:28,,
Casbah,,Mediterranean Restaurant,HITEC City,"Westin, Raheja IT Park, HUDA Techno Enclave, HITEC City, Madhapur, Hyderabad, Telangana 500081, India",17.4422833,78.3818903,https://www.google.com/maps/place/?q=place_id:ChIJHUOpsuGTyzsRVvjqlRqL9XQ,,4.2,1136,₹₹₹₹,,,,,,,,,,,,,,,,,,,Google Map Places New V2 API,,Cold Lead,2026-05-16 20:28,,
McDonald's,,Fast Food Restaurant,HITEC City,"C9XH+7JQ BK Towers, Plot No-1, Hitech City Main Rd, Patrika Nagar, HITEC City, Hyderabad, Telangana 500081, India",17.448079399999997,78.3791131,https://www.google.com/maps/place/?q=place_id:ChIJoWmrpcmZyzsR4iAYsiKZ9q4,,4.3,10737,₹₹,,,,,,,,,,,,,,,,,,,Google Map Places New V2 API,,Cold Lead,2026-05-16 20:28,,
Exotica Hitech City- North Indian Rooftop Restaurant,,North Indian Restaurant,HITEC City,"7th Floor, Unit No 7 A, Business Square Building, Jubilee Enclave Hitech City, opp. Hitex Entrance, Jubilee Enclave, Madhapur, Hyderabad, Telangana 500081, India",17.4564643,78.3764717,https://www.google.com/maps/place/?q=place_id:ChIJ_4BXdDaTyzsRFABQuRmPWjY,,4.3,5630,₹₹₹,,,,,,,,,,,,,,,,,,,Google Map Places New V2 API,,Cold Lead,2026-05-16 20:28,,
Pakka Local Hitech City,,South Indian Restaurant,HITEC City,"Hardhik Crown Building, Plot 18, Sector 2, HUDA Techno Enclave, HITEC City, Hyderabad, Telangana 500081, India",17.4457272,78.3777558,https://www.google.com/maps/place/?q=place_id:ChIJO0iSppuTyzsR8N9MNBJPpSc,,4.6,6052,₹₹,,,,,,,,,,,,,,,,,,,Google Map Places New V2 API,,Cold Lead,2026-05-16 20:28,,
Haldiram's,,Family Restaurant,HITEC City,"Shop No. 4, Ground Floor Located in- SBR Gateway, 38-123, Phase 2, HITEC City, Hyderabad, Telangana 500081, India",17.447765699999998,78.3784048,https://www.google.com/maps/place/?q=place_id:ChIJ5TTd00STyzsR4XODPZrBHnA,,4.3,4789,₹₹,,,,,,,,,,,,,,,,,,,Google Map Places New V2 API,,Cold Lead,2026-05-16 20:28,,
Ala Dakshinapuramlo - Hitech City,,South Indian Restaurant,HITEC City,"A, 3rd Floor, Phoenix Tower, Hitech City Main Rd, opposite Trident Hotel, Patrika Nagar, HITEC City, Hyderabad, Telangana 500081, India",17.4479511,78.37895929999999,https://www.google.com/maps/place/?q=place_id:ChIJWRYjNF6RyzsR9UuIU3W_RHg,,4.5,14086,₹₹,,,,,,,,,,,,,,,,,,,Google Map Places New V2 API,,Cold Lead,2026-05-16 20:28,,
Anthe Kitchen,,Indian Restaurant,HITEC City,"2nd Floor, CyberGrub, Hitech City Main Rd, opp. to Mind space, Phase 2, HITEC City, Hyderabad, Telangana 500081, India",17.4414579,78.3762879,https://www.google.com/maps/place/?q=place_id:ChIJdzHi16WTyzsRc2icg-W42T4,,4.0,1341,₹₹,,,,,,,,,,,,,,,,,,,Google Map Places New V2 API,,Cold Lead,2026-05-16 20:28,,
BK Towers,,Restaurant,HITEC City,"BK Towers, Plot No-1, Hitech City Main Rd, Patrika Nagar, HITEC City, Hyderabad, Telangana 500081, India",17.448214099999998,78.3790963,https://www.google.com/maps/place/?q=place_id:ChIJweTqh96TyzsR75wEgphcWmw,,4.1,600,₹₹,,,,,,,,,,,,,,,,,,,Google Map Places New V2 API,,Cold Lead,2026-05-16 20:28,,
"ASF - Ancient Stone Flames| Buffet BBQ Grill | Hi Tech City, Hyderabad",,Buffet Restaurant,HITEC City,"Hitech City Metro Station, 5Th Floor E, Galleria Mall, Avasa, opposite Hotel, Silicon Valley, HITEC City, Hyderabad, Telangana 500081, India",17.4480708,78.384591,https://www.google.com/maps/place/?q=place_id:ChIJfcfcX4WTyzsR0_X9i4PdWWY,,4.8,7980,₹₹,,,,,,,,,,,,,,,,,,,Google Map Places New V2 API,,Cold Lead,2026-05-16 20:28,,
Ishtaa,,Vegetarian Restaurant,HITEC City,"Hitech City Main Rd, NCC URBAN GARDENIA, Lumbini Ave, Diamond Hills, Lumbini Avenue, HITEC City, Hyderabad, Telangana 500032, India",17.4344891,78.3742785,https://www.google.com/maps/place/?q=place_id:ChIJIfN2naWRyzsRQ884HoebNm8,,4.3,12036,₹₹,,,,,,,,,,,,,,,,,,,Google Map Places New V2 API,,Cold Lead,2026-05-16 20:28,,
Via NH5 Dhaba,,North Indian Restaurant,HITEC City,"4th Floor, Phoenix Tower A, Hitech City Main Rd, opposite Trident Hotel, Patrika Nagar, HITEC City, Hyderabad, Telangana 500081, India",17.4479225,78.3789669,https://www.google.com/maps/place/?q=place_id:ChIJMRko5huTyzsRwiyw3NUJxJU,,4.6,265,₹₹,,,,,,,,,,,,,,,,,,,Google Map Places New V2 API,,Cold Lead,2026-05-16 20:28,,
"Habibi Mandi & Restaurant, Madhapur",,Middle Eastern Restaurant,HITEC City,"1-98/15, below Durgam Cheruvu Metro Station, Arunodaya Colony, Sri Sai Nagar, Madhapur, Hyderabad, Telangana 500081, India",17.4430881,78.3876378,https://www.google.com/maps/place/?q=place_id:ChIJxxCWnWWRyzsRobJyYJXIIuE,,4.3,5037,₹₹,,,,,,,,,,,,,,,,,,,Google Map Places New V2 API,,Cold Lead,2026-05-16 20:28,,
Firewater Fine Dining Bar,,Indian Restaurant,HITEC City,"Fifth Floor, Phoenix Tower A, Hitech City Main Rd, opposite Trident Hotel, Patrika Nagar, HITEC City, Hyderabad, Telangana 500081, India",17.4479327,78.37893869999999,https://www.google.com/maps/place/?q=place_id:ChIJ7XnP3d2TyzsROegoupxQsWg,,4.2,5304,₹₹₹,,,,,,,,,,,,,,,,,,,Google Map Places New V2 API,,Cold Lead,2026-05-16 20:28,,
Mindspace SOCIAL,,Bar,HITEC City,"Survey No.64, Ground Plus, Level Upper Level, LTD, Building 1 K.Raheja I.T. Park, near Mindspace Junction Flyover, HITEC City, Hyderabad, Telangana 500081, India",17.4400643,78.3791832,https://www.google.com/maps/place/?q=place_id:ChIJTV94cACTyzsRb0_E4LOLsvU,,4.1,2955,₹₹₹,,,,,,,,,,,,,,,,,,,Google Map Places New V2 API,,Cold Lead,2026-05-16 20:28,,
This The Place!,,Cafe,HITEC City,"Plot no. 39, Lane, near Indian Bank, adj. Karachi Bakery, Vittal Rao Nagar, HITEC City, Hyderabad, Telangana 500081, India",17.444151599999998,78.3848196,https://www.google.com/maps/place/?q=place_id:ChIJNzL08l-RyzsRiwiWlvzmf7c,,4.3,1940,₹₹,,,,,,,,,,,,,,,,,,,Google Map Places New V2 API,,Cold Lead,2026-05-16 20:28,,
KOKO,,Asian Restaurant,HITEC City,"Ground Floor, Tower 30, RMZ Nexity, Silpa Gram Craft Village, HITEC City, Hyderabad, Telangana 500032, India",17.430870199999998,78.3839864,https://www.google.com/maps/place/?q=place_id:ChIJY5vIom6TyzsR8xnwiL8wOiY,,4.4,522,₹₹,,,,,,,,,,,,,,,,,,,Google Map Places New V2 API,,Cold Lead,2026-05-16 20:28,,
Roast - The Caffeine Capital,,Cafe,HITEC City,"82&84, Hitech City Main Rd, near Deccan serai, HUDA Techno Enclave, HITEC City, Hyderabad, Telangana 500081, India",17.442794499999998,78.3824664,https://www.google.com/maps/place/?q=place_id:ChIJZ7BvMjWTyzsRxZQXAOd-pL4,,4.4,2289,₹₹,,,,,,,,,,,,,,,,,,,Google Map Places New V2 API,,Cold Lead,2026-05-16 20:28,,
Cock & Bull Hyderabad,,Bar,HITEC City,"Towers, Upper Ground Floor, The Skyview 10, Silpa Gram Craft Village, Madhapur, Rai Durg, Hyderabad, Telangana 500032, India",17.4327129,78.3753627,https://www.google.com/maps/place/?q=place_id:ChIJY0xs4TiTyzsRs5BUy67L2ok,,4.5,2088,₹₹,,,,,,,,,,,,,,,,,,,Google Map Places New V2 API,,Cold Lead,2026-05-16 20:28,,
Akina - Contemporary Asian Experience,,Cocktail Bar,HITEC City,"Terrace, THE LOFT, Silpa Gram Craft Village, HITEC City, Hyderabad, Telangana 500032, India",17.4323172,78.3825702,https://www.google.com/maps/place/?q=place_id:ChIJ54Slg5mTyzsRakaYLVLJkWk,,4.3,527,₹₹,,,,,,,,,,,,,,,,,,,Google Map Places New V2 API,,Cold Lead,2026-05-16 20:28,,
Tevar - The Progressive Indian Kitchen & Bar,,Bar,HITEC City,"Shop 3, Unit 2, Block, Gate no. 11, SALARPURIA SATTVA KNOWLEDGE CITY, Silpa Gram Craft Village, Madhapur, Hyderabad, Telangana 500032, India",17.4333085,78.3796067,https://www.google.com/maps/place/?q=place_id:ChIJoa3yOWKTyzsRoE8y331OQ_E,,4.3,1518,₹₹₹₹,,,,,,,,,,,,,,,,,,,Google Map Places New V2 API,,Cold Lead,2026-05-16 20:28,,
Red Rhino - Craft Brewery and Inspired Kitchen,,Brewery,HITEC City,"Western Dallas Center, Hitech City Main Rd, Silpa Gram Craft Village, Madhapur, Rai Durg, Hyderabad, Telangana 500032, India",17.4332282,78.378556,https://www.google.com/maps/place/?q=place_id:ChIJ97bwQweTyzsRdFUn0_v-2eA,,4.3,3852,₹₹,,,,,,,,,,,,,,,,,,,Google Map Places New V2 API,,Cold Lead,2026-05-16 20:28,,
Monastery,,Restaurant,HITEC City,"Knowledge city, Salarpuria Sattva, Plot no.2, Phase 1 Raidurg, village, Silpa Gram Craft Village, Madhapur, Hyderabad, Telangana 500032, India",17.432876399999998,78.382148,https://www.google.com/maps/place/?q=place_id:ChIJ8Slm4KmXyzsRsCmdmfQiGWo,,4.1,922,₹₹,,,,,,,,,,,,,,,,,,,Google Map Places New V2 API,,Cold Lead,2026-05-16 20:28,,
Resign Skybar 2.0,,Bar,HITEC City,"4/1 &4, Centre, Ohris Cyber, Huda Techno Enclave, 64, Mindspace Madhapur Rd, Phase 2, HITEC City, Hyderabad, Telangana 500081, India",17.441470199999998,78.37632579999999,https://www.google.com/maps/place/?q=place_id:ChIJC63o1iSTyzsR_X9nP_CBTdE,,4.2,4145,₹₹₹,,,,,,,,,,,,,,,,,,,Google Map Places New V2 API,,Cold Lead,2026-05-16 20:28,,
GirlFriend Mandi,,North Indian Restaurant,Gachibowli,"No.2-162/2, BBR Arcade, Plot Nos.4 and 5, Road situated at, Q City - A Block, Gopan Pally, Gachibowli, Hyderabad, Telangana 500032, India",17.4278168,78.3282167,https://www.google.com/maps/place/?q=place_id:ChIJ03vrKouTyzsRnagwZtlIcMc,,4.8,24259,₹₹,,,,,,,,,,,,,,,,,,,Google Map Places New V2 API,,Cold Lead,2026-05-16 20:28,,
Jasper - Grill and Bar,,Bar And Grill,Gachibowli,"Plot No: 25, 132, Miyapur - Gachibowli Rd, Jayabheri Enclave, Gachibowli, Hyderabad, Telangana 500032, India",17.449660599999998,78.3633607,https://www.google.com/maps/place/?q=place_id:ChIJK31CneuTyzsRDwyCHRflbgk,,4.0,134,₹₹,,,,,,,,,,,,,,,,,,,Google Map Places New V2 API,,Cold Lead,2026-05-16 20:28,,
Sky Café (gachibowli),,Cafe,Gachibowli,"Rooftop, Sri Narayana Building, above Karachi Bakery, beside Paradise restaurant, Vinayak Nagar, Indira Nagar, Gachibowli, Hyderabad, Telangana 500032, India",17.4420781,78.35690819999999,https://www.google.com/maps/place/?q=place_id:ChIJn6szbNqTyzsRBhxz0jADbdg,,4.4,214,₹₹,,,,,,,,,,,,,,,,,,,Google Map Places New V2 API,,Cold Lead,2026-05-16 20:28,,
Arabian Corner Restaurant - Skylounge,,Middle Eastern Restaurant,Gachibowli,"2-48/6, Sri Shyam Nagar, Telecom Nagar Extension, Gachibowli, Hyderabad, Telangana 500032, India",17.436021099999998,78.3666672,https://www.google.com/maps/place/?q=place_id:ChIJ3X-sVDKTyzsRX4dJTrGVXr8,,4.1,1542,₹₹,,,,,,,,,,,,,,,,,,,Google Map Places New V2 API,,Cold Lead,2026-05-16 20:28,,
Roast 24 Seven,,Cafe,Gachibowli,"42, 44, Sy no 18 & 19, Plot No: 25, behind Vyshnavi Cynosure, Telecom Nagar, Gachibowli, Hyderabad, Telangana 500032, India",17.4373126,78.3671708,https://www.google.com/maps/place/?q=place_id:ChIJmRdU_8KTyzsRVJqvP0f1nMw,,4.5,6794,₹₹₹,,,,,,,,,,,,,,,,,,,Google Map Places New V2 API,,Cold Lead,2026-05-16 20:28,,
The spice garden,,Restaurant,Gachibowli,"Survey no 111, clarion hotel, 47/2/A/1, DLF Rd, beside pi cancer hospital, Chhota Anjaiah Nagar, Gachibowli, Hyderabad, Telangana 500032, India",17.4483057,78.36088389999999,https://www.google.com/maps/place/?q=place_id:ChIJ4Qp1l5KTyzsR4Q40Q1lcTyc,,4.2,146,₹₹,,,,,,,,,,,,,,,,,,,Google Map Places New V2 API,,Cold Lead,2026-05-16 20:28,,
Smoky Docky DLF Hyderabad,,Shawarma Restaurant,Gachibowli,"Phase 6, &, 7 Road, APHB Colony, Andhra Pradesh Housing Board Phase-IV, Indira Nagar, Gachibowli, Hyderabad, Telangana 500032, India",17.448512300000004,78.3577695,https://www.google.com/maps/place/?q=place_id:ChIJHQo6Ky6TyzsRRJLBLplbE0U,,4.1,2577,₹₹,,,,,,,,,,,,,,,,,,,Google Map Places New V2 API,,Cold Lead,2026-05-16 20:28,,
v grand,,Indian Restaurant,Gachibowli,"4-46/58, APHB Colony, Indira Nagar, Gachibowli, Hyderabad, Telangana 500032, India",17.4497152,78.3573163,https://www.google.com/maps/place/?q=place_id:ChIJ7wbNWsiTyzsRTfpHqZX4sVA,,5.0,280,₹₹,,,,,,,,,,,,,,,,,,,Google Map Places New V2 API,,Cold Lead,2026-05-16 20:28,,
Pallekodi Pullatlu,,South Indian Restaurant,Gachibowli,"C9X4+G94, HIG-A-21, DLF Rd, APHB Colony, TCS Synergy park, Jayabheri Enclave, Gachibowli, Hyderabad, Telangana 500032, India",17.448772200000004,78.3560076,https://www.google.com/maps/place/?q=place_id:ChIJa337mrqTyzsRjBrB1iQfLhE,,3.9,537,₹₹,,,,,,,,,,,,,,,,,,,Google Map Places New V2 API,,Cold Lead,2026-05-16 20:28,,
Chirp,,Restaurant,Gachibowli,"Level 3, Mall, Jayabheri Enclave, Gachibowli, Hyderabad, Telangana 500032, India",17.4521688,78.3628006,https://www.google.com/maps/place/?q=place_id:ChIJaZLMtnyTyzsRZ76tumRlW_s,,4.4,1718,₹₹,,,,,,,,,,,,,,,,,,,Google Map Places New V2 API,,Cold Lead,2026-05-16 20:28,,
Ishta Meals & Restaurant,,South Indian Restaurant,Gachibowli,"1-73/D/78, Old Mumbai Hwy, Janardana Hills, Adjacent lane to South India Shopping Mall, Lumbini Avenue, Gachibowli, Diamond Hills, Lumbini Avenue, Gachibowli, Hyderabad, Telangana 500032, India",17.435745,78.3689866,https://www.google.com/maps/place/?q=place_id:ChIJ7awR9u6TyzsRoXVszmz3arc,,4.1,1764,₹₹,,,,,,,,,,,,,,,,,,,Google Map Places New V2 API,,Cold Lead,2026-05-16 20:28,,
Palms Kitchen Fairfield by Marriott Hyderabad Gachibowli,,Restaurant,Gachibowli,"C8FX+G22, Road No. 2, Financial District, Gachibowli, Hyderabad, Telangana 500032, India",17.4237522,78.3475292,https://www.google.com/maps/place/?q=place_id:ChIJ26-EOCCTyzsRbVQgJfNEIrs,,4.0,789,₹₹₹₹,,,,,,,,,,,,,,,,,,,Google Map Places New V2 API,,Cold Lead,2026-05-16 20:28,,
House of Chefs - Fine Dining Restaurant | Cafe,,Restaurant,Gachibowli,"69 70 71, Ground Floor, beside Dominos, Vinayak Nagar, Indira Nagar, Gachibowli, Hyderabad, Telangana 500032, India",17.4416281,78.3574534,https://www.google.com/maps/place/?q=place_id:ChIJG82s4gaTyzsRqlQl3NhgERA,,4.4,450,₹₹,,,,,,,,,,,,,,,,,,,Google Map Places New V2 API,,Cold Lead,2026-05-16 20:28,,
Sedyam Telugu Kitchen Gachibowli,,Indian Restaurant,Gachibowli,"opp. Sandhya Convention, Vinayak Nagar, Indira Nagar, Gachibowli, Hyderabad, Telangana 500032, India",17.4427628,78.3560186,https://www.google.com/maps/place/?q=place_id:ChIJvX12F1KTyzsRm5dBt9W3P5k,,4.8,862,₹₹,,,,,,,,,,,,,,,,,,,Google Map Places New V2 API,,Cold Lead,2026-05-16 20:28,,
Mrs Mage - Hyatt Hyderabad Gachibowli,,Restaurant,Gachibowli,"Hyatt Hyderabad Gachibowli, Road No. 2, Financial District, Gachibowli, Hyderabad, Nanakramguda, Telangana 500019, India",17.4180632,78.3427045,https://www.google.com/maps/place/?q=place_id:ChIJKWst6ZWVyzsRqyJDlgo3Qec,,4.3,728,₹₹,,,,,,,,,,,,,,,,,,,Google Map Places New V2 API,,Cold Lead,2026-05-16 20:28,,
The Globe Grub,,Buffet Restaurant,Gachibowli,"202 & 203, 2nd Floor,RAICHANDANI BUSINESS PARKNo, 1-73/D/2 & 13, Survey No. 50, Gachibowli Flyover, Janardana Hills, P Janardhan Reddy Nagar, Serilingampally, Hyderabad, Telangana 500032, India",17.4357523,78.3676412,https://www.google.com/maps/place/?q=place_id:ChIJ6dkSt-6TyzsRlIQDAxi_tU0,,4.2,6987,₹₹,,,,,,,,,,,,,,,,,,,Google Map Places New V2 API,,Cold Lead,2026-05-16 20:28,,
Pakka Local Gachibowli,,South Indian Restaurant,Gachibowli,"HP Petrol Pump, Rajiv gandhi Nagar, Gachibowli, Serilingampalle (M), Hyderabad, Telangana 500032, India",17.4429855,78.3572788,https://www.google.com/maps/place/?q=place_id:ChIJkYEPbB-TyzsROnPXSMn4W1g,,4.3,9441,₹₹₹,,,,,,,,,,,,,,,,,,,Google Map Places New V2 API,,Cold Lead,2026-05-16 20:28,,
Ali papa cafe’ nd Bistro,,Cafe,Gachibowli,"PT No 07, beside Neha Apartment’s, Vinayak Nagar, Indra Nagar, Gachibowli, Hyderabad, Telangana 500032, India",17.441637699999998,78.35587939999999,https://www.google.com/maps/place/?q=place_id:ChIJhf00CgCTyzsRJ60fgaaPAXA,,4.4,212,₹₹,,,,,,,,,,,,,,,,,,,Google Map Places New V2 API,,Cold Lead,2026-05-16 20:28,,
Patiala Plate - Authentic Punjabi Food on the go,,Restaurant,Gachibowli,"Vinayak Nagar, Indira Nagar, Gachibowli, Hyderabad, Telangana 500032, India",17.442175499999998,78.3568354,https://www.google.com/maps/place/?q=place_id:ChIJlcFiYeKTyzsRE35EVabzk0M,,4.7,2349,₹₹,,,,,,,,,,,,,,,,,,,Google Map Places New V2 API,,Cold Lead,2026-05-16 20:28,,
Pista House,,Indian Restaurant,Gachibowli,"Telecom Nagar Extension, Old Mumbai Hwy, Diamond Hills, Telecom Nagar, Gachibowli, Hyderabad, Telangana 500032, India",17.4317025,78.3719753,https://www.google.com/maps/place/?q=place_id:ChIJh2w1EvCTyzsRtTGu3bcFeFQ,,4.3,29683,₹₹,,,,,,,,,,,,,,,,,,,Google Map Places New V2 API,,Cold Lead,2026-05-16 20:28,,
The Street,,Food Court,Madhapur,"100 Feet Rd, Ayyappa Society, Siddhi Vinayak Nagar, Madhapur, Hyderabad, Telangana 500081, India",17.453607899999998,78.38511,https://www.google.com/maps/place/?q=place_id:ChIJeaEGZmKRyzsR7eZGIJpR-mY,,4.3,10618,₹₹,,,,,,,,,,,,,,,,,,,Google Map Places New V2 API,,Cold Lead,2026-05-16 20:28,,
City Chefs Kitchen - Multicuisine Restaurant in Madhapur,,Restaurant,Madhapur,"1256, 100 Feet Rd, Ayyappa Society, Chanda Naik Nagar, Madhapur, Hyderabad, Telangana 500081, India",17.45159,78.3938533,https://www.google.com/maps/place/?q=place_id:ChIJNZz9MwCRyzsRukB9iwmWaIQ,,4.8,110,₹₹,,,,,,,,,,,,,,,,,,,Google Map Places New V2 API,,Cold Lead,2026-05-16 20:28,,
Mandi Bistro Madhapur,,Middle Eastern Restaurant,Madhapur,"1st Floor, Unit no: 102, Premier Building, Plot no 35, 36, 41 42, Survey No 76, Sri Sai Nagar, Madhapur, Hyderabad, Telangana 500081, India",17.4444634,78.3870015,https://www.google.com/maps/place/?q=place_id:ChIJ_ydLpo6RyzsRwLiV7xvpyv4,,4.7,7777,₹₹,,,,,,,,,,,,,,,,,,,Google Map Places New V2 API,,Cold Lead,2026-05-16 20:28,,
SP Day and Night Restaurant,,Restaurant,Madhapur,"Plot No 210, Century Hills, Sri Vivekananda Nagar, Madhapur, Hyderabad, Telangana 500081, India",17.4596284,78.3964223,https://www.google.com/maps/place/?q=place_id:ChIJr4RC04GRyzsR2L8OfF9RtBQ,,4.3,75,₹₹,,,,,,,,,,,,,,,,,,,Google Map Places New V2 API,,Cold Lead,2026-05-16 20:28,,
THE LUNA DRIVE IN,,Restaurant,Madhapur,"Luna Drive-in, Image Hospital Rd, Vittal Rao Nagar, Madhapur, Hyderabad, Telangana 500081, India",17.440486399999998,78.3846023,https://www.google.com/maps/place/?q=place_id:ChIJMQzQCSmRyzsRNF78aAHO2rY,,4.0,574,₹₹,,,,,,,,,,,,,,,,,,,Google Map Places New V2 API,,Cold Lead,2026-05-16 20:28,,
Pepper 69,,Chinese Restaurant,Madhapur,"Megha Hills, Sri Sai Nagar, Madhapur, Hyderabad, Telangana 500081, India",17.4421422,78.3912503,https://www.google.com/maps/place/?q=place_id:ChIJuUfrDT2RyzsRLyPrlNkHfeY,,4.2,187,₹₹,,,,,,,,,,,,,,,,,,,Google Map Places New V2 API,,Cold Lead,2026-05-16 20:28,,
Grand Kitchen Food Court,,Restaurant,Madhapur,"Sy No 85, plot No 21/A, Vitalrao Nagar, Patrika Nagar, Madhapur, Hyderabad, Telangana 500081, India",17.4439046,78.383613,https://www.google.com/maps/place/?q=place_id:ChIJ-1F8bb6TyzsRISHRoyVq2yc,,4.3,51,₹₹,,,,,,,,,,,,,,,,,,,Google Map Places New V2 API,,Cold Lead,2026-05-16 20:28,,
President Dhaba,,North Indian Restaurant,Madhapur,"36, Capital Pk Rd, Cyber Hills Colony, VIP Hills, Silicon Valley, Madhapur, Hyderabad, Telangana 500081, India",17.4499539,78.3858612,https://www.google.com/maps/place/?q=place_id:ChIJc6r2lGGRyzsRJQnU9JufAOw,,3.7,10308,₹₹,,,,,,,,,,,,,,,,,,,Google Map Places New V2 API,,Cold Lead,2026-05-16 20:28,,
The Taste of Rajasthan,,North Indian Restaurant,Madhapur,"Taste of Rajasthan Η 2-56/33/16/8 Mega Hills, Sri Sai Nagar, Madhapur, Khanammet, Hyderabad, Telangana 500081, India",17.4446467,78.3929885,https://www.google.com/maps/place/?q=place_id:ChIJ--wZNX6RyzsR2PY7EcgI3NE,,3.2,699,₹₹,,,,,,,,,,,,,,,,,,,Google Map Places New V2 API,,Cold Lead,2026-05-16 20:28,,
Yum Yum Tree Arabian Food Court,,Middle Eastern Restaurant,Madhapur,"pillar no 1749, 1-10-54/A, opposite Krishe Sapphire Building, Deccan Plateau, Madhapur, Hyderabad, Telangana 500081, India",17.4425679,78.3880121,https://www.google.com/maps/place/?q=place_id:ChIJp-NtWF6RyzsRHw1fTdU2RS0,,4.2,18137,₹₹,,,,,,,,,,,,,,,,,,,Google Map Places New V2 API,,Cold Lead,2026-05-16 20:28,,
Akan Hyderabad,,Lounge Bar,Madhapur,"Survey No.62, Plot No.28, Shaikpet, opposite Durgam Cheruvu, Software Units Layout, Doctor's Colony, Madhapur, Hyderabad, Telangana 500081, India",17.4334705,78.38794519999999,https://www.google.com/maps/place/?q=place_id:ChIJAXLLciCRyzsROQZN8vHIprw,,4.4,4446,₹₹,,,,,,,,,,,,,,,,,,,Google Map Places New V2 API,,Cold Lead,2026-05-16 20:28,,
Ministry Of Coffee Affairs,,Cafe,Madhapur,"Platinum Heights, 100 Feet Rd, SBH Officers Colony, Mega Hills, Madhapur, Hyderabad, Telangana 500081, India",17.4516952,78.39319379999999,https://www.google.com/maps/place/?q=place_id:ChIJn_sGbkiRyzsRtaaArJEBy7E,,4.5,615,₹₹,,,,,,,,,,,,,,,,,,,Google Map Places New V2 API,,Cold Lead,2026-05-16 20:28,,
Palamuru Grill,,South Indian Restaurant,Madhapur,"100 Feet Rd, opposite Meridian School, Ayyappa society, Silicon Valley, Madhapur, Hyderabad, Telangana 500081, India",17.4522176,78.3848099,https://www.google.com/maps/place/?q=place_id:ChIJy6BrDmKRyzsRjjO52_go-e0,,4.2,26066,₹₹,,,,,,,,,,,,,,,,,,,Google Map Places New V2 API,,Cold Lead,2026-05-16 20:28,,
Taaza Kitchen,,Breakfast Restaurant,Madhapur,"Plot: 497, 100 Feet Rd, Ayyappa Society, Chanda Naik Nagar, Madhapur, Hyderabad, Telangana 500081, India",17.4523845,78.3914379,https://www.google.com/maps/place/?q=place_id:ChIJP-tUjvCRyzsRoMG5cUHYKDE,,4.4,24967,₹₹,,,,,,,,,,,,,,,,,,,Google Map Places New V2 API,,Cold Lead,2026-05-16 20:28,,
Quake Kitchen and Lounge,,Bar And Grill,Madhapur,"SBR Towers, Shop no. 4, Hitech City Rd, beside Karachi Bakery, HUDA Techno Enclave, Madhapur, Hyderabad, Telangana 500081, India",17.445022599999998,78.3856541,https://www.google.com/maps/place/?q=place_id:ChIJl-b43V-RyzsRpvDoPfE0RMs,,3.8,51,₹₹,,,,,,,,,,,,,,,,,,,Google Map Places New V2 API,,Cold Lead,2026-05-16 20:28,,
FOODCART,,Restaurant,Madhapur,"C9RR+V8X, Post Office Rd, Megha Hills, Sri Sai Nagar, Madhapur, Hyderabad, Telangana 500081, India",17.4422388,78.3908692,https://www.google.com/maps/place/?q=place_id:ChIJ-T5pYA-RyzsRKh5FQvutT8k,,4.6,26,₹₹,,,,,,,,,,,,,,,,,,,Google Map Places New V2 API,,Cold Lead,2026-05-16 20:28,,
Patnam Paaka,,Restaurant,Madhapur,"321, 60 Feet Rd, Ayyappa Society, Mega Hills, Madhapur, Hyderabad, Telangana 500081, India",17.4511006,78.39162379999999,https://www.google.com/maps/place/?q=place_id:ChIJdSaPXO-RyzsRkcxpfE6wneY,,4.8,45,₹₹,,,,,,,,,,,,,,,,,,,Google Map Places New V2 API,,Cold Lead,2026-05-16 20:28,,
Stuff Mama,,Restaurant,Kondapur,"4-1/MH/98, Kondapur, MADHAVA HILLS, Gachibowli, Hyderabad, Telangana 500084, India",17.470225,78.35058529999999,https://www.google.com/maps/place/?q=place_id:ChIJ8Wa4SzSTyzsRAnJfbdbEuq8,,4.8,284,₹₹,,,,,,,,,,,,,,,,,,,Google Map Places New V2 API,,Cold Lead,2026-05-16 20:29,,
The GrandLine Buffet,,Buffet Restaurant,Kondapur,"5th Floor, Sarath City Capital Mall, Miyapur - Gachibowli Rd, Kondapur, Whitefields, Kondapur, Hyderabad, Telangana 500084, India",17.4568101,78.3643345,https://www.google.com/maps/place/?q=place_id:ChIJZSRMM8WTyzsRTTJkFj4nsGM,,4.6,931,₹₹,,,,,,,,,,,,,,,,,,,Google Map Places New V2 API,,Cold Lead,2026-05-16 20:29,,
Vrindhavan Kitchens,,Breakfast Restaurant,Kondapur,"Vrindhavan Kitchens, HNo: 1-59/15/1 & 25, Gachibowli - Kondapur Rd, Block I, NCB Enclave, Gachibowli, Serilingampalle (M), Hyderabad, Telangana 500084, India",17.464672,78.3414094,https://www.google.com/maps/place/?q=place_id:ChIJdQCI81OTyzsRwWId9roLH8w,,4.4,439,₹₹,,,,,,,,,,,,,,,,,,,Google Map Places New V2 API,,Cold Lead,2026-05-16 20:29,,
Kake Di Hatti Kondapur,,Vegetarian Restaurant,Kondapur,"1ST FLOOR, M-Square, 112-B & 49, High-Tension Line Rd, Kondapur, Raghavendra Colony, Gachibowli, Hyderabad, Telangana 500084, India",17.4699034,78.35972919999999,https://www.google.com/maps/place/?q=place_id:ChIJx8ZrUgCTyzsR-oKR7UYbX0Y,,4.5,1394,₹₹,,,,,,,,,,,,,,,,,,,Google Map Places New V2 API,,Cold Lead,2026-05-16 20:29,,
"Sheel Kamal Restaurant, Kondapur",,Restaurant,Kondapur,"Shop 4-5 House no 2-41/14 Ground floor, Circle 20, Serilingampally, Kondapur, Aditya Nagar, Hafeezpet, Hyderabad, Telangana 500049, India",17.4787864,78.3686455,https://www.google.com/maps/place/?q=place_id:ChIJozsMTOiTyzsRKgf5SDNLIYQ,,4.3,18,₹₹,,,,,,,,,,,,,,,,,,,Google Map Places New V2 API,,Cold Lead,2026-05-16 20:29,,
Sandwich Square,,Restaurant,Kondapur,"Sandwich Square, GM Yadav Botanica, D. No. 1-57, Botanical Garden Rd, Kondapur, Sri Ramnagar - Block B, Colony, Gachibowli, Hyderabad, Telangana 500084, India",17.4604409,78.3538236,https://www.google.com/maps/place/?q=place_id:ChIJnWGwav6TyzsRhKoSY2Ojgus,,4.1,1141,₹₹,,,,,,,,,,,,,,,,,,,Google Map Places New V2 API,,Cold Lead,2026-05-16 20:29,,
Vinmayi Restaurant,,Indian Restaurant,Kondapur,"F958+VCG, Kondapur, Land Mark Residency, Gachibowli, Hyderabad, Telangana 500084, India",17.459695,78.36608369999999,https://www.google.com/maps/place/?q=place_id:ChIJHZjO49uTyzsRoK4kaxTtO1U,,4.8,15,₹₹,,,,,,,,,,,,,,,,,,,Google Map Places New V2 API,,Cold Lead,2026-05-16 20:29,,
Pandaga Restaurant,,South Indian Restaurant,Kondapur,"102, 3rd Floor, SSS Square Building, Kothaguda X Road, Kondapur, Laxmi Cyber City, Whitefields, Kothaguda, Hyderabad, Telangana 500084, India",17.4576962,78.36585079999999,https://www.google.com/maps/place/?q=place_id:ChIJC_lTN8GTyzsR2FCNq9AFmRg,,4.6,7176,₹₹,,,,,,,,,,,,,,,,,,,Google Map Places New V2 API,,Cold Lead,2026-05-16 20:29,,
Chaitanya Food Court | Kondapur | Hyderabad,,South Indian Restaurant,Kondapur,"1-55-199, SY NO-199 P, Botanical Garden Rd, beside CHIREC PUBLIC SCHOOL, Kondapur, Sri Ram Nagar, Gachibowli, Hyderabad, Telangana 500084, India",17.4624103,78.3509356,https://www.google.com/maps/place/?q=place_id:ChIJlw2pDgCTyzsReDmNEiRMQ7A,,4.5,3416,₹₹,,,,,,,,,,,,,,,,,,,Google Map Places New V2 API,,Cold Lead,2026-05-16 20:29,,
Platform 65 - The Train Theme Restaurant,,Restaurant,Kondapur,"3rd Floor Ektha pearl, Gachibowli - Miyapur Road opp:Sarath City Capital Mall, kothaguda, Kondapur, Laxmi Cyber City, Whitefields, Gachibowli, Hyderabad, Telangana 500084, India",17.4560816,78.3650844,https://www.google.com/maps/place/?q=place_id:ChIJOUXCYByTyzsRxvJYqEHTULw,,4.1,12945,₹₹₹,,,,,,,,,,,,,,,,,,,Google Map Places New V2 API,,Cold Lead,2026-05-16 20:29,,
AL-SULTAN MANDI & RESTAURANT,,Restaurant,Kondapur,"Kothaguda,X road, pillar no:28, apollo hospitals, near AMB mall, Kondapur, Land Mark Residency, Kondapur, Hyderabad, Telangana 500084, India",17.4602528,78.3661554,https://www.google.com/maps/place/?q=place_id:ChIJfwFhY7OTyzsRl8Bmy_k7yTU,,4.4,79,₹₹,,,,,,,,,,,,,,,,,,,Google Map Places New V2 API,,Cold Lead,2026-05-16 20:29,,
Lord of the wings,,Chinese Restaurant,Kondapur,"opp. Star Bazaar, Hanuman Nagar, Silpa Park, Kondapur, Hyderabad, Telangana 500084, India",17.4683825,78.36696309999999,https://www.google.com/maps/place/?q=place_id:ChIJTTw5HK6TyzsRDfzzWaLdNa8,,4.4,162,₹₹,,,,,,,,,,,,,,,,,,,Google Map Places New V2 API,,Cold Lead,2026-05-16 20:29,,
Samskruthi South Kitchen,,Restaurant,Kondapur,"2nd floor, Ektha Pearl, Kothaguda, opposite Sharath City(AMB) Mall, Kondapur, Laxmi Cyber City, Whitefields, Gachibowli, Hyderabad, Telangana 500084, India",17.4559428,78.3651096,https://www.google.com/maps/place/?q=place_id:ChIJY0mkusaTyzsRf06aIHf_OFA,,4.6,2634,₹₹,,,,,,,,,,,,,,,,,,,Google Map Places New V2 API,,Cold Lead,2026-05-16 20:29,,
Yummy Bee Kondapur,,Cafe,Kondapur,"Ground Floor, Plot No 60, opposite ICICI Bank, Kondapur, Camelot Layout, Gachibowli, Hyderabad, Telangana 500084, India",17.464959999999998,78.347703,https://www.google.com/maps/place/?q=place_id:ChIJf8DrKACTyzsRED6G_0CCLpE,,4.5,1011,₹₹,,,,,,,,,,,,,,,,,,,Google Map Places New V2 API,,Cold Lead,2026-05-16 20:29,,
Peppery Pot,,Restaurant,Kondapur,"2-40/67, Sy.No 23 to 28, Road No 1, Jubilee Garden Kothaguda, Kondapur, Hanuman Nagar, Hyderabad, Telangana 500084, India",17.463276999999998,78.36993439999999,https://www.google.com/maps/place/?q=place_id:ChIJMwTnlPeTyzsRKgSGUvDMKkI,,4.7,193,₹₹,,,,,,,,,,,,,,,,,,,Google Map Places New V2 API,,Cold Lead,2026-05-16 20:29,,
Padmaraga Fine Dine Restaurant @Kondapur,,Restaurant,Kondapur,"1 st Floor, Signature Tower, ST/1, 2-91/77/2, Kondapur, Venkat Enclave, Opp:Botanical Garden, Gachibowli, Hyderabad, Telangana 500084, India",17.4548581,78.3643269,https://www.google.com/maps/place/?q=place_id:ChIJLYHHT1KTyzsRJRKM30gPZC8,,4.4,76,₹₹,,,,,,,,,,,,,,,,,,,Google Map Places New V2 API,,Cold Lead,2026-05-16 20:29,,
The Regal Dine multi cuisine restaurant,,Restaurant,Kondapur,"Kondapur, Hanuman Nagar, Hyderabad, Telangana 500084, India",17.4636957,78.3697624,https://www.google.com/maps/place/?q=place_id:ChIJJYNv_2aTyzsRl7gxUNA-SDI,,4.3,481,₹₹,,,,,,,,,,,,,,,,,,,Google Map Places New V2 API,,Cold Lead,2026-05-16 20:29,,
Svada Udupi Kitchen,,South Indian Restaurant,Kondapur,"H. No, Kondapur, H, Hitex Link Road, Hanuman Nagar, Kondapur, Hyderabad, Telangana 500084, India",17.465066699999998,78.3681143,https://www.google.com/maps/place/?q=place_id:ChIJHREmh_6TyzsRVjMHaE4drFU,,4.8,451,₹₹,,,,,,,,,,,,,,,,,,,Google Map Places New V2 API,,Cold Lead,2026-05-16 20:29,,
Telugu Aromas Kondapur,,South Indian Restaurant,Kondapur,"Ground Floor, Sahiti Sudha Square, Miyapur - Gachibowli Rd, Hanuman Nagar, Shilpa Hills, Hyderabad, Telangana 500084, India",17.465415399999998,78.3677014,https://www.google.com/maps/place/?q=place_id:ChIJk9GMdy-TyzsRBsoVag4mLDI,,4.2,2287,₹₹,,,,,,,,,,,,,,,,,,,Google Map Places New V2 API,,Cold Lead,2026-05-16 20:29,,
DCA Cafe & Bistro,,Cafe,Kondapur,"F9C6+347, 464 - C, High-Tension Line Rd, opposite to HDFC Bank, Kondapur, Raghavendra Colony, Gachibowli, Hyderabad, Telangana 500084, India",17.4696873,78.3602776,https://www.google.com/maps/place/?q=place_id:ChIJVygDpLqTyzsRFWB01v1JN_A,,4.2,1429,₹₹,,,,,,,,,,,,,,,,,,,Google Map Places New V2 API,,Cold Lead,2026-05-16 20:29,,
Rayalaseema spice,,South Indian Restaurant,Kondapur,"Kondapur, Raghavendra Colony, Kondapur, Hyderabad, Telangana 500084, India",17.469946,78.35973249999999,https://www.google.com/maps/place/?q=place_id:ChIJs7TNhoKTyzsR0GDHHcY1EIo,,4.8,1258,₹₹,,,,,,,,,,,,,,,,,,,Google Map Places New V2 API,,Cold Lead,2026-05-16 20:29,,
"Deccan Pavilion, ITC Kakatiya",,Restaurant,Begumpet,"6 -3 -1187, Teachers Colony, Greenlands, Begumpet, Hyderabad, Telangana 500016, India",17.4325996,78.4575545,https://www.google.com/maps/place/?q=place_id:ChIJI8HHAMORyzsRZIOFbH8hLpQ,,4.4,407,₹₹,,,,,,,,,,,,,,,,,,,Google Map Places New V2 API,,Cold Lead,2026-05-16 20:29,,
Tulips,,Buffet Restaurant,Begumpet,"Hotel Greenpark, Leelanagar, Ameerpet, Leelanagar, Begumpet, Hyderabad, Telangana 500016, India",17.436258,78.453762,https://www.google.com/maps/place/?q=place_id:ChIJ549blbeQyzsR2WOoD_qXXTI,,4.1,812,₹₹,,,,,,,,,,,,,,,,,,,Google Map Places New V2 API,,Cold Lead,2026-05-16 20:29,,
Koliba Bar and Cafe,,Bar And Grill,Begumpet,"Poolside, Country Club, Gate next to Metro Pillar 1405, Uma Nagar, Begumpet, Hyderabad, Telangana 500016, India",17.4369564,78.4577587,https://www.google.com/maps/place/?q=place_id:ChIJfz58PTWRyzsRcnB4l9LuqWc,,4.2,1510,₹₹,,,,,,,,,,,,,,,,,,,Google Map Places New V2 API,,Cold Lead,2026-05-16 20:29,,
Ohri's Eatmor Begumpet. Pure Vegetarian Restaurant.,,Fast Food Restaurant,Begumpet,"3rd block, White House, Greenlands Rd, Kundanbagh Colony, Begumpet, Hyderabad, Telangana 500016, India",17.4356042,78.4577642,https://www.google.com/maps/place/?q=place_id:ChIJ6zz7oDGRyzsRUv3p3qI8oEo,,4.8,3451,₹₹,,,,,,,,,,,,,,,,,,,Google Map Places New V2 API,,Cold Lead,2026-05-16 20:29,,
The Bar Project,,Bar,Begumpet,"Poolside, Country Club, Gate, next to Metro Pillar 1405, Uma Nagar, Begumpet, Hyderabad, Telangana 500016, India",17.4370732,78.4576408,https://www.google.com/maps/place/?q=place_id:ChIJ1zY_LDCRyzsRyI6X036eZQo,,4.3,537,₹₹,,,,,,,,,,,,,,,,,,,Google Map Places New V2 API,,Cold Lead,2026-05-16 20:29,,
Cream Centre Begumpet,,Restaurant,Begumpet,"Plot No.6, S.P Road, beside Bowl 'O' China, Minister Rd, Sindhi Colony, Begumpet, Telangana 500003, India Plot No.6, S.P Road, Minister Rd, beside Bowl 'O' China, Sindhi Colony, Begumpet, Hyderabad, Telangana 500003, India",17.443308,78.4779866,https://www.google.com/maps/place/?q=place_id:ChIJk-4Db3-byzsRyoSsZuw7ZgI,,4.8,1641,₹₹₹,,,,,,,,,,,,,,,,,,,Google Map Places New V2 API,,Cold Lead,2026-05-16 20:29,,
Haveli Restaurant,,North Indian Restaurant,Begumpet,"1st Floor, BD Colony, Kundanbagh Colony, Begumpet, Hyderabad, Telangana 500016, India",17.436079799999998,78.4570597,https://www.google.com/maps/place/?q=place_id:ChIJVbnY_aOQyzsR09WdzRgJiGs,,4.1,2023,₹₹,,,,,,,,,,,,,,,,,,,Google Map Places New V2 API,,Cold Lead,2026-05-16 20:29,,
VS FOODIE BUDDY,,Restaurant,Begumpet,"Begumpet Rd, Mayur Marg, Begumpet, Hyderabad, Telangana 500016, India",17.4421516,78.4621694,https://www.google.com/maps/place/?q=place_id:ChIJqe-qZzSRyzsRt6qvEM2IrqE,,4.8,26,₹₹,,,,,,,,,,,,,,,,,,,Google Map Places New V2 API,,Cold Lead,2026-05-16 20:29,,
Tatva Restaurant - Begumpet,,Vegetarian Restaurant,Begumpet,"2nd Floor Pillar No: 1301, Sanai Plaza, 1-8-303, Sardar Patel Rd, Sindhi Colony, Begumpet, Hyderabad, Telangana 500003, India",17.443222,78.478138,https://www.google.com/maps/place/?q=place_id:ChIJiW_I8MybyzsR2MQ9dAcRQ_I,,4.2,1989,₹₹₹,,,,,,,,,,,,,,,,,,,Google Map Places New V2 API,,Cold Lead,2026-05-16 20:29,,
NitroGrill,,American Restaurant,Begumpet,"1st lane after Hotel ITC Kakatiya, 6-3-1186/5, Teachers Colony, Greenlands, Begumpet, Hyderabad, Telangana 500016, India",17.431809899999998,78.45746079999999,https://www.google.com/maps/place/?q=place_id:ChIJWSQyOqeRyzsRChhZlOXvOdM,,4.5,1276,₹₹,,,,,,,,,,,,,,,,,,,Google Map Places New V2 API,,Cold Lead,2026-05-16 20:29,,
Diners Cuisine,,Family Restaurant,Begumpet,"1-10-233/2, Lane Number 2, RR Gopal Compound, Brahman Wadi, Begumpet, Hyderabad, Telangana 500016, India",17.4386658,78.4597021,https://www.google.com/maps/place/?q=place_id:ChIJ2cbgFi2RyzsR3D0l2KfJFo0,,4.2,328,₹₹,,,,,,,,,,,,,,,,,,,Google Map Places New V2 API,,Cold Lead,2026-05-16 20:29,,
Haldiram's - Begumpet,,Family Restaurant,Begumpet,"Plot No.6, S.P Road, beside Bowl 'O' China, Minister Rd, Sindhi Colony, Begumpet, Hyderabad, Telangana 500003, India",17.4433059,78.47798329999999,https://www.google.com/maps/place/?q=place_id:ChIJeWgiti-byzsRU9uG-vGVL3k,,4.6,2728,₹₹,,,,,,,,,,,,,,,,,,,Google Map Places New V2 API,,Cold Lead,2026-05-16 20:29,,
"Dakshin, ITC Kakatiya",,Restaurant,Begumpet,"ITC Kakatiya, 6-3-1187, Teachers Colony, Greenlands, Begumpet, Hyderabad, Telangana 500016, India",17.432593999999998,78.457433,https://www.google.com/maps/place/?q=place_id:ChIJCSELPs6RyzsRgDvN2CcEPNU,,4.3,152,₹₹,,,,,,,,,,,,,,,,,,,Google Map Places New V2 API,,Cold Lead,2026-05-16 20:29,,
Subway P G Road,,Breakfast Restaurant,Begumpet,"Surabhi Castle, 1-8-303/41, PG Road, Sindhi Colony, Begumpet, Secunderabad, Hyderabad, Telangana 500003, India",17.440678899999998,78.4793938,https://www.google.com/maps/place/?q=place_id:ChIJ4Zc5EgmayzsRzSn-B8v3pFw,,4.1,877,₹₹,,,,,,,,,,,,,,,,,,,Google Map Places New V2 API,,Cold Lead,2026-05-16 20:29,,
10 Downing Street,,Bar,Begumpet,"10-12, Ground Floor, My Home, Tycoon, BD Colony, Kundanbagh Colony, Begumpet, Hyderabad, Telangana 500016, India",17.4362297,78.4571686,https://www.google.com/maps/place/?q=place_id:ChIJY5oo7aOQyzsRK8gyEDpb_1k,,4.2,8270,₹₹₹,,,,,,,,,,,,,,,,,,,Google Map Places New V2 API,,Cold Lead,2026-05-16 20:29,,
Lake District Bar & Kitchen,,Bar And Grill,Begumpet,"PV Narasimha Rao Marg, opp. Lake Police Station, Hussain Sagar, Khairtabad, Hyderabad, Telangana 500004, India",17.4223501,78.4651959,https://www.google.com/maps/place/?q=place_id:ChIJZSUI09GXyzsRfx4Q8gU7Wq0,,4.1,2826,₹₹,,,,,,,,,,,,,,,,,,,Google Map Places New V2 API,,Cold Lead,2026-05-16 20:29,,
Pizza Zone Begumpet,,Vegetarian Restaurant,Begumpet,"160/1, 1st Floor, Sardar Patel Rd, Sindhi Colony, Begumpet, Hyderabad, Secunderabad, Telangana 500003, India",17.443619,78.4797835,https://www.google.com/maps/place/?q=place_id:ChIJy8bmRGWbyzsRQSru88q30gM,,4.2,4649,₹₹,,,,,,,,,,,,,,,,,,,Google Map Places New V2 API,,Cold Lead,2026-05-16 20:29,,
Peshawar Restaurant,,Restaurant,Begumpet,"3,2, 1-8-303, Sardar Patel Rd, Sindhi Colony, Begumpet, Secunderabad, Hyderabad, Telangana 500003, India",17.443258399999998,78.47832389999999,https://www.google.com/maps/place/?q=place_id:ChIJJ3g6nW2byzsRQdhwOU5vSSk,,2.8,91,₹₹,,,,,,,,,,,,,,,,,,,Google Map Places New V2 API,,Cold Lead,2026-05-16 20:29,,
Nimantran,,North Indian Restaurant,Begumpet,"Plot No. 1-11-256 /1, Street No. 1, Adjacent To, Begumpet Airport Road, Motilal Nehru Nagar, Begumpet, Hyderabad, Telangana 500016, India",17.445297,78.47027709999999,https://www.google.com/maps/place/?q=place_id:ChIJnULSBbqQyzsRej3ThIvYII8,,4.0,181,₹₹,,,,,,,,,,,,,,,,,,,Google Map Places New V2 API,,Cold Lead,2026-05-16 20:29,,
ANANDOBRAHMA (Fine Dine Restaurant),,Fine Dining Restaurant,Begumpet,"7-1, 208&209A, beside Satyam Theatre Road, Swathi Avenue, Ameerpet, Hyderabad, Telangana 500016, India",17.437739999999998,78.4484547,https://www.google.com/maps/place/?q=place_id:ChIJS8kWd9SRyzsRnlaa649WWUU,,4.5,12909,₹₹,,,,,,,,,,,,,,,,,,,Google Map Places New V2 API,,Cold Lead,2026-05-16 20:29,,
Paradise Biryani | Begumpet,,Family Restaurant,Begumpet,"Begumpet Rd, beside pantaloons, opp. Indian Oil Petrol Pump, Mayur Marg, Begumpet, Hyderabad, Telangana 500016, India",17.4443512,78.4624432,https://www.google.com/maps/place/?q=place_id:ChIJgcnZobyQyzsRCcbNB-7Y2pQ,,3.8,25889,₹₹,,,,,,,,,,,,,,,,,,,Google Map Places New V2 API,,Cold Lead,2026-05-16 20:29,,
Club8,,Bar,Begumpet,"my home tycoon, House Block i, Greenlands Flyover, Begumpet Rd, BD Colony, Kundanbagh Colony, Begumpet, Hyderabad, Telangana 500016, India",17.4363728,78.4572895,https://www.google.com/maps/place/?q=place_id:ChIJ_zWbFbeQyzsRAqjaxgBidQA,,4.0,4899,₹₹,,,,,,,,,,,,,,,,,,,Google Map Places New V2 API,,Cold Lead,2026-05-16 20:29,,
Hangout Restaurant,,Restaurant,Ameerpet,"west, Srinivasa Nagar, Ameerpet, Hyderabad, Telangana 500038, India",17.4391578,78.44243120000002,https://www.google.com/maps/place/?q=place_id:ChIJoeCOVpyRyzsRV0dIdBnAKb8,,5.0,18,₹₹,,,,,,,,,,,,,,,,,,,Google Map Places New V2 API,,Cold Lead,2026-05-16 20:29,,
Beyniaz Shawarma & Grill,,Restaurant,Ameerpet,"wine mart, beside Ameerpet, ShivBagh, Balkampet, Hyderabad, Telangana 500016, India",17.4394657,78.4491426,https://www.google.com/maps/place/?q=place_id:ChIJCRbTFi-RyzsR_Emc9afYJKQ,,4.9,307,₹₹,,,,,,,,,,,,,,,,,,,Google Map Places New V2 API,,Cold Lead,2026-05-16 20:29,,
Broast Hub,,Cafe,Ameerpet,"Srinivasa Nagar, Ameerpet, Hyderabad, Telangana 500016, India",17.4386468,78.44769590000001,https://www.google.com/maps/place/?q=place_id:ChIJwWOsOOmRyzsRM5wZNv3wtl0,,4.6,45,₹₹,,,,,,,,,,,,,,,,,,,Google Map Places New V2 API,,Cold Lead,2026-05-16 20:29,,
Habibo,,North Indian Restaurant,Ameerpet,"2nd floor, AAA Satyam Mall, Swathi Avenue, Ameerpet, Hyderabad, Telangana 500016, India",17.4371307,78.44864679999999,https://www.google.com/maps/place/?q=place_id:ChIJleROBYCRyzsRGB5gYpI_QsY,,4.8,5784,₹₹,,,,,,,,,,,,,,,,,,,Google Map Places New V2 API,,Cold Lead,2026-05-16 20:29,,
Sri Kakatiya Deluxe Mess,,South Indian Restaurant,Ameerpet,"1st, Shop No. 1& 2, Delta Chambers, Mumbai Hwy, Punjagutta Officers Colony, Ameerpet, Hyderabad, Telangana 500016, India",17.4334722,78.4469654,https://www.google.com/maps/place/?q=place_id:ChIJ90J0M8mQyzsRYTa2yb4CiXw,,4.2,20618,₹₹,,,,,,,,,,,,,,,,,,,Google Map Places New V2 API,,Cold Lead,2026-05-16 20:29,,
Urban bite,,Breakfast Restaurant,Ameerpet,"CFQ3+Q43, Ameerpet Rd, Leelanagar, Ameerpet, Hyderabad, Telangana 500016, India",17.4393773,78.4527866,https://www.google.com/maps/place/?q=place_id:ChIJm8sOhOCRyzsRL4xoevXQ6hQ,,4.5,10,₹₹,,,,,,,,,,,,,,,,,,,Google Map Places New V2 API,,Cold Lead,2026-05-16 20:29,,
IHA Foods,,Family Restaurant,Ameerpet,"7-1-414/19/1, East Srinivas Nagar Colony, Srinivasa Nagar, Ameerpet, Hyderabad, Telangana 500038, India",17.439121699999998,78.44470609999999,https://www.google.com/maps/place/?q=place_id:ChIJ-dqswHuRyzsRQj578x0Hy9k,,4.5,24,₹₹,,,,,,,,,,,,,,,,,,,Google Map Places New V2 API,,Cold Lead,2026-05-16 20:29,,
aha food court,,Fast Food Restaurant,Ameerpet,"street, Maitrivanam, Ameerpet, Hyderabad, Telangana 500016, India",17.4370473,78.4471618,https://www.google.com/maps/place/?q=place_id:ChIJbT8vpgqRyzsRxBcv3WaiXhk,,2.6,18,₹₹,,,,,,,,,,,,,,,,,,,Google Map Places New V2 API,,Cold Lead,2026-05-16 20:29,,
Saudi Arabian Restaurant,,Middle Eastern Restaurant,Ameerpet,"Swathi Avenue, Ameerpet, Hyderabad, Telangana 500016, India",17.4384035,78.4484545,https://www.google.com/maps/place/?q=place_id:ChIJGynAR96RyzsReZegbYN7C1Y,,3.7,2258,₹₹,,,,,,,,,,,,,,,,,,,Google Map Places New V2 API,,Cold Lead,2026-05-16 20:29,,
Prime Rose Restaurant,,Indian Restaurant,Ameerpet,"3rd Floor, AAA cinemas Asian Satyam mall, Swathi Avenue, Ameerpet, Hyderabad, Telangana 500016, India",17.4372467,78.4488344,https://www.google.com/maps/place/?q=place_id:ChIJ4YaCJqGRyzsRfNTJYllyNhY,,4.4,409,₹₹,,,,,,,,,,,,,,,,,,,Google Map Places New V2 API,,Cold Lead,2026-05-16 20:29,,
Captain Cook Restaurant,,Indian Restaurant,Ameerpet,"Ameerpet Internal Rd, Balkampet, Hyderabad, Telangana 500016, India",17.4435348,78.44889119999999,https://www.google.com/maps/place/?q=place_id:ChIJwTDo9xGRyzsRy9uIR4oBv6c,,3.9,3229,₹₹,,,,,,,,,,,,,,,,,,,Google Map Places New V2 API,,Cold Lead,2026-05-16 20:29,,
PARAMS KITCHEN,,North Indian Restaurant,Ameerpet,"Surekha Chamber, Ameerpet Rd, Appartments, Ameerpet, Hyderabad, Telangana 500016, India",17.435180199999998,78.4512809,https://www.google.com/maps/place/?q=place_id:ChIJO_bsoqGRyzsRDwomYftrMHg,,4.4,27,₹₹,,,,,,,,,,,,,,,,,,,Google Map Places New V2 API,,Cold Lead,2026-05-16 20:29,,
Rayalaseema Ruchulu,,South Indian Restaurant,Ameerpet,"H.No.8-3-945/A/6/1, 1st Floor, Metro Pillar No. 1071, above Tanisha Hotels, Nagarjuna Nagar colony, Ameerpet, Hyderabad, Telangana 500016, India",17.4327924,78.4466836,https://www.google.com/maps/place/?q=place_id:ChIJ9XnSCd2ZyzsRQOOGhDSPEd0,,4.2,7472,₹₹₹,,,,,,,,,,,,,,,,,,,Google Map Places New V2 API,,Cold Lead,2026-05-16 20:29,,
restaurant,,Restaurant,Ameerpet,"Kumar Basti, Rahmat Nagar, Ameerpet, Hyderabad, Telangana 500016, India",17.437196399999998,78.44816229999999,https://www.google.com/maps/place/?q=place_id:ChIJ92J5WYeRyzsRQNCxLAERJsA,,4.7,9,₹₹,,,,,,,,,,,,,,,,,,,Google Map Places New V2 API,,Cold Lead,2026-05-16 20:29,,
Blue Fox,,Fine Dining Restaurant,Ameerpet,"Regency Plaza, Behind HUDA Mythrivanam, 3, Satyam Theatre Rd, Kumar Basti, Gayatri Nagar, Srinivasa Nagar, Ameerpet, Hyderabad, Telangana 500038, India",17.437293,78.44604199999999,https://www.google.com/maps/place/?q=place_id:ChIJmTQBWM-QyzsRqkHUk7ue23k,,3.8,2480,₹₹,,,,,,,,,,,,,,,,,,,Google Map Places New V2 API,,Cold Lead,2026-05-16 20:29,,
Vaah Tandoori Palace Multicuisine Restaurant,,Indian Restaurant,Ameerpet,"Address: 6-3, besides VRK Silks, 801/803, Main road, Punjagutta Officers Colony, Ameerpet, Hyderabad, Telangana 500016, India",17.433066,78.447025,https://www.google.com/maps/place/?q=place_id:ChIJywiyvjqRyzsRk8SAS3u80iI,,4.6,313,₹₹,,,,,,,,,,,,,,,,,,,Google Map Places New V2 API,,Cold Lead,2026-05-16 20:29,,
Grab a bowl,,North Indian Restaurant,Ameerpet,"7-1-212, A/17/32, Dharam Karan Rd, near Bhaskara Physiotherapy Clinic, ShivBagh, Balkampet, Hyderabad, Telangana 500016, India",17.4408753,78.4503828,https://www.google.com/maps/place/?q=place_id:ChIJY9-vbaiRyzsRxl1IA4HJiKg,,3.8,10,₹₹,,,,,,,,,,,,,,,,,,,Google Map Places New V2 API,,Cold Lead,2026-05-16 20:29,,
Bhawaanee Multi Cuisine Restaurant,,South Indian Restaurant,Somajiguda,"H.no.6-3-1090/A/2, circle no.20 Opp. Katriya Hotel Towers, E, Mumtaz, Raj Bhavan Rd, Somajiguda, Hyderabad, Telangana 500082, India",17.4238651,78.4596857,https://www.google.com/maps/place/?q=place_id:ChIJIY2C8jGXyzsR1eVcMQnjt70,,4.4,246,₹₹,,,,,,,,,,,,,,,,,,,Google Map Places New V2 API,,Cold Lead,2026-05-16 20:29,,
Verandah - The Park,,Buffet Restaurant,Somajiguda,"North, Wing, Lobby, The Park Hyderabad, 22, Raj Bhavan Rd, Somajiguda, Hyderabad, Telangana 500082, India",17.423549299999998,78.4622996,https://www.google.com/maps/place/?q=place_id:ChIJoVVVFUyXyzsRQJ1lxuXRISk,,4.2,1693,₹₹,,,,,,,,,,,,,,,,,,,Google Map Places New V2 API,,Cold Lead,2026-05-16 20:29,,
Aqua The Park,,Restaurant,Somajiguda,"3rd Floor, The Park Hyderabad, 22, Raj Bhavan Rd, Somajiguda, Hyderabad, Telangana 500082, India",17.4235911,78.4623319,https://www.google.com/maps/place/?q=place_id:ChIJoVVVFUyXyzsRl2roHpV2Ah4,,4.2,1740,₹₹₹₹,,,,,,,,,,,,,,,,,,,Google Map Places New V2 API,,Cold Lead,2026-05-16 20:29,,
SUBHAM GRAND MULTICUISINE FAMILY RESTAURANT,,Restaurant,Somajiguda,"First floor, 6-3-902/3, Raj Bhavan Rd, beside Pratul Honda, Durga Nagar Colony, Somajiguda, Hyderabad, Telangana 500082, India",17.426171399999998,78.4570067,https://www.google.com/maps/place/?q=place_id:ChIJI0_OcVyXyzsRj6NkaYIae68,,4.6,385,₹₹,,,,,,,,,,,,,,,,,,,Google Map Places New V2 API,,Cold Lead,2026-05-16 20:29,,
Head Quarters Rest O Bar,,Bar,Somajiguda,"Renuka Enclave 6-3-1239, 4/1, Raj Bhavan Rd, Somajiguda, Hyderabad, Telangana 500082, India",17.4221704,78.4624836,https://www.google.com/maps/place/?q=place_id:ChIJ4Zfn6k2XyzsRTFiKgYzj2ts,,4.1,4714,₹₹,,,,,,,,,,,,,,,,,,,Google Map Places New V2 API,,Cold Lead,2026-05-16 20:29,,
Lucky Multicuisine Restaurant,,Indian Restaurant,Somajiguda,"3, 3, Raj Bhavan Rd, Somajiguda, Hyderabad, Telangana 500082, India",17.4228429,78.4612133,https://www.google.com/maps/place/?q=place_id:ChIJKWyn8bSQyzsRUwpvCnR62S0,,3.8,4763,₹₹,,,,,,,,,,,,,,,,,,,Google Map Places New V2 API,,Cold Lead,2026-05-16 20:29,,
Seventh Heaven Family Restaurant & Bar,,Family Restaurant,Somajiguda,"6-3-833, 1st & 7th Floor, Venkat Plaza, opposite to Joyalukkas, Punjagutta Officers Colony, Punjagutta, Hyderabad, Telangana 500082, India",17.4277646,78.4527725,https://www.google.com/maps/place/?q=place_id:ChIJmTYbYrWQyzsRfAUQADKdTLA,,4.5,2818,₹₹,,,,,,,,,,,,,,,,,,,Google Map Places New V2 API,,Cold Lead,2026-05-16 20:29,,
By The Bay,,Bar And Grill,Somajiguda,"By The Bay, PV Narasimha Rao Marg, beside water front, Hussain Sagar, Khairtabad, Hyderabad, Telangana 500082, India",17.4218466,78.4652473,https://www.google.com/maps/place/?q=place_id:ChIJldgMhoiXyzsRfFuqw0RKgeQ,,4.2,6225,₹₹₹,,,,,,,,,,,,,,,,,,,Google Map Places New V2 API,,Cold Lead,2026-05-16 20:29,,
Bandhan Dhaba,,Indian Restaurant,Somajiguda,"CFG4+6PF, 6-3, 902/QA, Durga Nagar Colony, Somajiguda, Hyderabad, Telangana 500082, India",17.4255359,78.4568388,https://www.google.com/maps/place/?q=place_id:ChIJwUq5G1GXyzsRr-Aa4ySeY9U,,4.0,85,₹₹,,,,,,,,,,,,,,,,,,,Google Map Places New V2 API,,Cold Lead,2026-05-16 20:29,,
Garuda Food Court,,Food Court,Somajiguda,"Maheshwari Chambers, opp. Pillar 1145, Irram Manzil Colony, Somajiguda, Hyderabad, Telangana 500082, India",17.4181588,78.4575682,https://www.google.com/maps/place/?q=place_id:ChIJ8fi_mrGXyzsRA6uHSyaDMeI,,4.8,25,₹₹,,,,,,,,,,,,,,,,,,,Google Map Places New V2 API,,Cold Lead,2026-05-16 20:29,,
Harika Mess,,Buffet Restaurant,Somajiguda,"Rajbhavan Road, CFF5+FGF, TL Kapadia Lane, Somajiguda, Somajiguda, Hyderabad, Telangana 500082, India",17.423697,78.45881159999999,https://www.google.com/maps/place/?q=place_id:ChIJnWS3-EqXyzsRqJlBiNuJaGc,,4.2,962,₹₹,,,,,,,,,,,,,,,,,,,Google Map Places New V2 API,,Cold Lead,2026-05-16 20:29,,
Akson Restaurant,,South Indian Restaurant,Somajiguda,"Sai Baba Temple Rd, above Manyavar, Dwarakapuri, Punjagutta, Hyderabad, Telangana 500082, India",17.4246025,78.4533866,https://www.google.com/maps/place/?q=place_id:ChIJxZTZv0qXyzsRBv2OScCv6ZE,,4.2,8328,₹₹,,,,,,,,,,,,,,,,,,,Google Map Places New V2 API,,Cold Lead,2026-05-16 20:29,,
Hotel Inner Circle,,Brunch Restaurant,Somajiguda,"Namita Rd, Saboo Heights, House No, 6-3-905, Raj Bhavan Rd, Matha Nagar, Somajiguda, Hyderabad, Telangana 500082, India",17.4241132,78.4569356,https://www.google.com/maps/place/?q=place_id:ChIJy2DUb0uXyzsRFGORHwnMt84,,4.1,3081,₹₹,,,,,,,,,,,,,,,,,,,Google Map Places New V2 API,,Cold Lead,2026-05-16 20:29,,
Kritunga - The Palegar's Cuisine,,Restaurant,Somajiguda,"Ground Floor No, 6-3-1094, Raj Bhavan Rd, Somajiguda, Hyderabad, Telangana 500082, India",17.426918,78.4578952,https://www.google.com/maps/place/?q=place_id:ChIJS2BIWUmXyzsREorUCaFn_Hw,,3.9,11455,₹₹,,,,,,,,,,,,,,,,,,,Google Map Places New V2 API,,Cold Lead,2026-05-16 20:29,,
Aish - The Park,,Restaurant,Somajiguda,"The Park Hyderabad, 22, Raj Bhavan Rd, Somajiguda, Hyderabad, Telangana 500082, India",17.4234823,78.4623153,https://www.google.com/maps/place/?q=place_id:ChIJl2xcDVCXyzsRr0Y6QQxdURo,,4.5,913,₹₹,,,,,,,,,,,,,,,,,,,Google Map Places New V2 API,,Cold Lead,2026-05-16 20:29,,
Srikanya Comfort Restaurant,,Chinese Restaurant,Somajiguda,"#6-3-883/F/1, 4th Floor Pothula Tower Above South India Shopping Mall, Punjagutta Officers Colony, Somajiguda, Hyderabad, Telangana 500016, India",17.4295921,78.45549609999999,https://www.google.com/maps/place/?q=place_id:ChIJL8HrrLWQyzsRegGQiFff7aM,,4.0,17358,₹₹,,,,,,,,,,,,,,,,,,,Google Map Places New V2 API,,Cold Lead,2026-05-16 20:29,,
Hyd Zyqa Restaurant,,South Indian Restaurant,Somajiguda,"6-3-378, 6-3-378, Mothi Nagar, Dwarakapuri, Punjagutta, Hyderabad, Telangana 500082, India",17.4264931,78.4517078,https://www.google.com/maps/place/?q=place_id:ChIJZ5aK4yiXyzsRm0zvsDlIjkQ,,3.8,565,₹₹,,,,,,,,,,,,,,,,,,,Google Map Places New V2 API,,Cold Lead,2026-05-16 20:29,,
Y2K Restaurant,,North Indian Restaurant,Somajiguda,"Dwarakapuri, Punjagutta, Hyderabad, Telangana 500082, India",17.4265121,78.45210329999999,https://www.google.com/maps/place/?q=place_id:ChIJZ8anrsqQyzsRI1WFx8HHK7g,,3.3,2070,₹₹,,,,,,,,,,,,,,,,,,,Google Map Places New V2 API,,Cold Lead,2026-05-16 20:29,,
Ce La Vie The Roof Top cafe,,Cafe,SR Nagar,"4th Floor, 60/3RT, Street Number 6, above Vijetha Supermarket, East Srinivas Nagar Colony, Sanjeeva Reddy Nagar Office Area, Sanjeeva Reddy Nagar, Hyderabad, Telangana 500038, India",17.4417196,78.44564079999999,https://www.google.com/maps/place/?q=place_id:ChIJXREAXXiRyzsR9J9lI-nvCLg,,4.9,883,₹₹,,,,,,,,,,,,,,,,,,,Google Map Places New V2 API,,Cold Lead,2026-05-16 20:29,,
The Gourmet Junction - SR Nagar,,Restaurant,SR Nagar,"2nd Floor, 248/3RT, Sanjeeva Reddy Nagar Rd, adjacent to Union Bank, Bapu Nagar, Sanjeeva Reddy Nagar, Hyderabad, Telangana 500038, India",17.4425631,78.44230100000001,https://www.google.com/maps/place/?q=place_id:ChIJX-gilCiRyzsROh1Lh9wC8ao,,4.5,21,₹₹,,,,,,,,,,,,,,,,,,,Google Map Places New V2 API,,Cold Lead,2026-05-16 20:29,,
Barkaas Indo Arabic Restaurant,,Middle Eastern Restaurant,SR Nagar,"7-1-621/260/B, First Floor, Migh, Traffic Police Station, beside SR Nagar, Srinivasa Nagar, Sanjeeva Reddy Nagar, Hyderabad, Telangana 500038, India",17.441469599999998,78.4473905,https://www.google.com/maps/place/?q=place_id:ChIJz099lXqRyzsRmwqvT1pZaZI,,4.4,2325,₹₹,,,,,,,,,,,,,,,,,,,Google Map Places New V2 API,,Cold Lead,2026-05-16 20:29,,
Kaka's Grill & Kitchen,,Restaurant,SR Nagar,"7-1-355 balkampet road sanjeeva reddy nagar, Saibaba Temple Rd, opposite veera hanuman, Scientific Colony, BK Guda, Balkampet, Hyderabad, Telangana 500038, India",17.4455769,78.4488817,https://www.google.com/maps/place/?q=place_id:ChIJ1wC5_7mRyzsRcS66wuifRu4,,4.3,176,₹₹,,,,,,,,,,,,,,,,,,,Google Map Places New V2 API,,Cold Lead,2026-05-16 20:29,,
Naidu Gari Kunda Biryani,,Indian Restaurant,SR Nagar,"First Floor, Sri Balaji Enclave, BK Guda Rd, above Ratnadeep Supermarket, BK Guda, Sanjeeva Reddy Nagar, Hyderabad, Telangana 500038, India",17.4468035,78.4469909,https://www.google.com/maps/place/?q=place_id:ChIJ2SAyN2yRyzsRVcfTBGZzjcQ,,4.5,4398,₹₹,,,,,,,,,,,,,,,,,,,Google Map Places New V2 API,,Cold Lead,2026-05-16 20:29,,
MSB (Mekala’s Spice Bhandar ),,Restaurant,SR Nagar,"3rd Floor, above pizza hut, East Srinivas Nagar Colony, Sanjeeva Reddy Nagar, Hyderabad, Telangana 500038, India",17.4422121,78.444448,https://www.google.com/maps/place/?q=place_id:ChIJL5PhWYmZyzsRK587-2XMQH0,,4.3,1550,₹₹,,,,,,,,,,,,,,,,,,,Google Map Places New V2 API,,Cold Lead,2026-05-16 20:29,,
Athidi's Kitchen,,Restaurant,SR Nagar,"79, SR Nagar Internal Rd, Sanjeeva Reddy Nagar, Hyderabad, Telangana 500038, India",17.443167799999998,78.4462875,https://www.google.com/maps/place/?q=place_id:ChIJAcrqCCaRyzsR1UdBo1KX6SI,,4.7,102,₹₹,,,,,,,,,,,,,,,,,,,Google Map Places New V2 API,,Cold Lead,2026-05-16 20:29,,
ROLLS ADDA (ROLLS AND MOMOS),,Fast Food Restaurant,SR Nagar,"Street no 14, 327/2RT, Bapu Nagar, Sanjeeva Reddy Nagar, Hyderabad, Telangana 500038, India",17.4439551,78.4428891,https://www.google.com/maps/place/?q=place_id:ChIJg0_mSwCRyzsRKQsze9xs8u8,,4.9,128,₹₹,,,,,,,,,,,,,,,,,,,Google Map Places New V2 API,,Cold Lead,2026-05-16 20:29,,
Lakshmi Narasimha Vilas,,Restaurant,SR Nagar,"No. 7, B, H, 1-277/421 175, BK Guda Rd, BK Guda, Sanjeeva Reddy Nagar, Hyderabad, Telangana 500038, India",17.445726,78.44681489999999,https://www.google.com/maps/place/?q=place_id:ChIJe1yH0jeRyzsR484Hik-O6aE,,4.1,1419,₹₹,,,,,,,,,,,,,,,,,,,Google Map Places New V2 API,,Cold Lead,2026-05-16 20:29,,
Kokkoroko - Biryani / Pulao,,Restaurant,SR Nagar,"202, A-Block, Ameer Estates, near ICICI Bank, Srinivasa Nagar, Sanjeeva Reddy Nagar, Hyderabad, Telangana 500038, India",17.439664,78.44288879999999,https://www.google.com/maps/place/?q=place_id:ChIJrcOrwYWRyzsRlV82MZPmg4Q,,4.8,106,₹₹,,,,,,,,,,,,,,,,,,,Google Map Places New V2 API,,Cold Lead,2026-05-16 20:29,,
HUNGRY BIRDS,,Restaurant,SR Nagar,"Yellamma Temple, Scientific Colony, BK Guda, Balkampet, Hyderabad, Telangana 500018, India",17.446536899999998,78.4489187,https://www.google.com/maps/place/?q=place_id:ChIJWwe0LoCRyzsRP8I2lJ6m83M,,4.5,69,₹₹,,,,,,,,,,,,,,,,,,,Google Map Places New V2 API,,Cold Lead,2026-05-16 20:29,,
Bhojana Priyulu Family Restaurant,,Restaurant,SR Nagar,"Plot no: 32B, opp. to community hall, Sanjeeva Reddy Nagar, Hyderabad, Telangana 500038, India",17.4426068,78.4461242,https://www.google.com/maps/place/?q=place_id:ChIJnzuXx9WRyzsR57QSXHvUHm4,,4.0,273,₹₹,,,,,,,,,,,,,,,,,,,Google Map Places New V2 API,,Cold Lead,2026-05-16 20:29,,
Arabian Mandi and Biryani House,,Restaurant,SR Nagar,"BK Guda Rd, opp. Venkateshwar Swamy Temple, BK Guda, Sanjeeva Reddy Nagar, Hyderabad, Telangana 500038, India",17.4446922,78.44650639999999,https://www.google.com/maps/place/?q=place_id:ChIJnVijk46RyzsRxy9_izLd0mk,,3.4,410,₹₹,,,,,,,,,,,,,,,,,,,Google Map Places New V2 API,,Cold Lead,2026-05-16 20:29,,
Grand Lucky Restaurant (RJ Restaurant),,Restaurant,SR Nagar,"31/A, Sanjeeva Reddy Nagar Rd, Bapu Nagar, Sanjeeva Reddy Nagar, Hyderabad, Telangana 500038, India",17.4440839,78.44069329999999,https://www.google.com/maps/place/?q=place_id:ChIJgVE8sdyQyzsRWNU5Kl1s-wc,,3.7,736,₹₹,,,,,,,,,,,,,,,,,,,Google Map Places New V2 API,,Cold Lead,2026-05-16 20:29,,
Koyala ki chai,,Cafe,SR Nagar,"Floor-1, PS Signal, Police Station, adjacent SR Nagar Main Road, Srinivasa Nagar, Sanjeeva Reddy Nagar, Hyderabad, Telangana 500038, India",17.4414311,78.4480512,https://www.google.com/maps/place/?q=place_id:ChIJz4o_VgCRyzsRIv7lxOtEKIE,,4.6,23,₹₹,,,,,,,,,,,,,,,,,,,Google Map Places New V2 API,,Cold Lead,2026-05-16 20:29,,
@My Place,,Restaurant,SR Nagar,"near Abhiruchi Sweets, opp. Vudaya Bhaskar Residency, Sanjeeva Reddy Nagar, Hyderabad, Telangana 500038, India",17.442204999999998,78.44738,https://www.google.com/maps/place/?q=place_id:ChIJmwUuOyGRyzsRYuU-yOjBtiM,,4.8,61,₹₹,,,,,,,,,,,,,,,,,,,Google Map Places New V2 API,,Cold Lead,2026-05-16 20:29,,
Foodies Corner,,Fast Food Restaurant,SR Nagar,"Sarala Apartment, Sanjeeva Reddy Nagar, Hyderabad, Telangana 500038, India",17.442339800000003,78.44415409999999,https://www.google.com/maps/place/?q=place_id:ChIJCUY3V9GRyzsRI6451C7fbTA,,4.9,36,₹₹,,,,,,,,,,,,,,,,,,,Google Map Places New V2 API,,Cold Lead,2026-05-16 20:30,,
Evergreen Food Corner,,Restaurant,Prakash Nagar,"1-8-663 113/2RT, Prakash Nagar, Begumpet, Hyderabad, Telangana 500016, India",17.441364999999998,78.470354,https://www.google.com/maps/place/?q=place_id:ChIJMaKhY6aQyzsRymrhWvRIEso,,4.2,13,₹₹,,,,,,,,,,,,,,,,,,,Google Map Places New V2 API,,Cold Lead,2026-05-16 20:30,,
Almas Restaurant & Bakery,,Cafe,Prakash Nagar,"CFVC+H94, Indian Airlines Colony Rd, Patigadda, Begumpet, Hyderabad, Telangana 500016, India",17.443887699999998,78.4709396,https://www.google.com/maps/place/?q=place_id:ChIJW3AhIqeQyzsRSdp_fYMdfOw,,3.8,731,₹₹,,,,,,,,,,,,,,,,,,,Google Map Places New V2 API,,Cold Lead,2026-05-16 20:30,,
Needs Punjabi Food Joint,,Fast Food Restaurant,Prakash Nagar,"3-1216/141, G-4, Kundan Bagh Rd, Methodist Colony, Begumpet, Hyderabad, Telangana 500016, India",17.4357482,78.46152819999999,https://www.google.com/maps/place/?q=place_id:ChIJLQ15UbCQyzsRFFY-OkKlx6c,,4.1,1547,₹₹,,,,,,,,,,,,,,,,,,,Google Map Places New V2 API,,Cold Lead,2026-05-16 20:30,,
Diners Restaurant,,Fast Food Restaurant,Prakash Nagar,"Meher Apartment, Rd Number 2, Mayur Marg, Begumpet, Hyderabad, Telangana 500016, India",17.4414898,78.4596327,https://www.google.com/maps/place/?q=place_id:ChIJg-T0pc2RyzsRBAMjYHWWPzk,,4.4,19,₹₹,,,,,,,,,,,,,,,,,,,Google Map Places New V2 API,,Cold Lead,2026-05-16 20:30,,
Hasbi crust,,Restaurant,Prakash Nagar,"1-11-243/1, 5th St, Begumpet, Hyderabad, Telangana 500016, India",17.445345,78.46176179999999,https://www.google.com/maps/place/?q=place_id:ChIJuyg2y1mRyzsRjawMvxaDlGk,,4.7,97,₹₹,,,,,,,,,,,,,,,,,,,Google Map Places New V2 API,,Cold Lead,2026-05-16 20:30,,
Telangana Spice Kitchen,,South Indian Restaurant,Prakash Nagar,"Fourth floor, CVK Park Square, above Aptronix store, Kalasiguda, Secunderabad, Telangana 500003, India",17.4419877,78.49016999999999,https://www.google.com/maps/place/?q=place_id:ChIJSTvFupubyzsRfWbxmT6BgHE,,4.1,3711,₹₹,,,,,,,,,,,,,,,,,,,Google Map Places New V2 API,,Cold Lead,2026-05-16 20:30,,
Spoon & fork,,Restaurant,Khairatabad,"CF87+QXV, PV Narasimha Rao Marg, Raj Nagar, Khairtabad, Hyderabad, Telangana 500082, India",17.4169931,78.46490949999999,https://www.google.com/maps/place/?q=place_id:ChIJMf84nn6XyzsRwQiFPM24R20,,4.3,22,₹₹,,,,,,,,,,,,,,,,,,,Google Map Places New V2 API,,Cold Lead,2026-05-16 20:30,,
Mandi Town Khairatabad,,Restaurant,Khairatabad,"Pillar No A, 1181, J&U Complex, Khairtabad, Hyderabad, Telangana 500004, India",17.4103687,78.4607431,https://www.google.com/maps/place/?q=place_id:ChIJzUcM15yXyzsRnqVLYd1UXcQ,,3.9,2028,₹₹,,,,,,,,,,,,,,,,,,,Google Map Places New V2 API,,Cold Lead,2026-05-16 20:30,,
Raft kitchen Khairatabad,,Fast Food Restaurant,Khairatabad,"Chintal Basti Main Rd, Hill Colony, Veer Nagar, Khairtabad, Hyderabad, Telangana 500004, India",17.4086867,78.4579213,https://www.google.com/maps/place/?q=place_id:ChIJF097AwCXyzsR_aroQxlzkQ8,,4.6,36,₹₹,,,,,,,,,,,,,,,,,,,Google Map Places New V2 API,,Cold Lead,2026-05-16 20:30,,
RASA by Ashoka,,Cocktail Bar,Khairatabad,"Best Western Ashoka 6, 1-70, Ambedkar Colony, Lakdikapul, Hyderabad, Telangana 500004, India",17.4039622,78.4653867,https://www.google.com/maps/place/?q=place_id:ChIJQ9l9Y_yXyzsR7s066GBRYs8,,4.4,393,₹₹,,,,,,,,,,,,,,,,,,,Google Map Places New V2 API,,Cold Lead,2026-05-16 20:30,,
Tasty Food Centre,,Shawarma Restaurant,Khairatabad,"Dargah yousufain sharifain road, majid cross road, near tek ke, Bharat Nagar, Aghapura, Nampally, Hyderabad, Telangana 500001, India",17.390465499999998,78.4640544,https://www.google.com/maps/place/?q=place_id:ChIJd6i8LgeXyzsRGFSwNvxHfjs,,4.6,122,₹₹,,,,,,,,,,,,,,,,,,,Google Map Places New V2 API,,Cold Lead,2026-05-16 20:30,,
Mataam Al Yamani,,Middle Eastern Restaurant,Khairatabad,"11, Red Hills Rd, Red Hills, Lakdikapul, Hyderabad, Telangana 500004, India",17.4009183,78.46278749999999,https://www.google.com/maps/place/?q=place_id:ChIJo9gqZGiXyzsRIMKwhDnFvvA,,3.8,1535,₹₹,,,,,,,,,,,,,,,,,,,Google Map Places New V2 API,,Cold Lead,2026-05-16 20:30,,
Shahi Dastarkhwan,,Chinese Restaurant,Khairatabad,"CF36+2H8, Red Hills, Lakdikapul, Hyderabad, Telangana 500004, India",17.4025306,78.46146399999999,https://www.google.com/maps/place/?q=place_id:ChIJl6FMW8OXyzsRjLb0MzcKnfU,,3.3,513,₹₹,,,,,,,,,,,,,,,,,,,Google Map Places New V2 API,,Cold Lead,2026-05-16 20:30,,
Pride restaurant,,Restaurant,Khairatabad,"A, First Floor, 5-9-20, opp. Secretariat Road, Saifabad, Khairtabad, Hyderabad, Telangana 500004, India",17.4075611,78.47031299999999,https://www.google.com/maps/place/?q=place_id:ChIJpf0bk4WXyzsR2uKECOLlIEI,,4.2,96,₹₹,,,,,,,,,,,,,,,,,,,Google Map Places New V2 API,,Cold Lead,2026-05-16 20:30,,
HILLSTAR RESTAURANT,,Indian Restaurant,Khairatabad,"6-2-940/A, ground floor, opp shadan college pillar No:1184, Taj Enclave, Khairtabad, Hyderabad, Telangana 500004, India",17.409523699999998,78.46050799999999,https://www.google.com/maps/place/?q=place_id:ChIJIVugJhiXyzsRZDSrTPeACTY,,4.1,6059,₹₹,,,,,,,,,,,,,,,,,,,Google Map Places New V2 API,,Cold Lead,2026-05-16 20:30,,
Food Adda Drive-in Restaurant Hyderabad,,Restaurant,Khairatabad,"CF88+Q4M Pitstop Go Karting, PV Narasimha Rao Marg, Raj Nagar, Khairtabad, Hyderabad, Telangana 500082, India",17.416972299999998,78.465308,https://www.google.com/maps/place/?q=place_id:ChIJuSi2SiiXyzsRCn_F1JrPJSU,,3.9,187,₹₹,,,,,,,,,,,,,,,,,,,Google Map Places New V2 API,,Cold Lead,2026-05-16 20:30,,
The Waterfront Bar & Grill,,Bar,Khairatabad,"Necklace Road, PV Narasimha Rao Marg, Hussain Sagar, Khairtabad, Hyderabad, Telangana 500082, India",17.4216041,78.4652649,https://www.google.com/maps/place/?q=place_id:ChIJcTRPHgCXyzsRvaMR1TyS_3s,,4.3,257,₹₹,,,,,,,,,,,,,,,,,,,Google Map Places New V2 API,,Cold Lead,2026-05-16 20:30,,
Signature Grills,,Restaurant,Khairatabad,"1233, Thrill City, PV Narasimha Rao Marg, Necklace, Road, Hussain Sagar, Khairtabad, Hyderabad, Telangana 500003, India",17.4354103,78.4744097,https://www.google.com/maps/place/?q=place_id:ChIJ_57sfpaRyzsRkZag5mqGbdQ,,4.5,4803,₹₹,,,,,,,,,,,,,,,,,,,Google Map Places New V2 API,,Cold Lead,2026-05-16 20:30,,
Al Saud Mandi,,Middle Eastern Restaurant,Khairatabad,"beside St. Joseph's Public School, King Kothi, Old MLA Quarters, King Koti, Hyderabad, Hyderguda, Telangana 500029, India",17.394444099999998,78.48472749999999,https://www.google.com/maps/place/?q=place_id:ChIJe1Xl89qZyzsRqlNBbi54wKI,,4.0,6937,₹₹,,,,,,,,,,,,,,,,,,,Google Map Places New V2 API,,Cold Lead,2026-05-16 20:30,,
Rainbow restaurant,,Korean Restaurant,Khairatabad,"Abids Road, Gun Foundry, Basheer Bagh, Hyderabad, Telangana 500001, India",17.3944589,78.476111,https://www.google.com/maps/place/?q=place_id:ChIJ2cN1pruZyzsRa7evGAcj2Jc,,4.4,147,₹₹,,,,,,,,,,,,,,,,,,,Google Map Places New V2 API,,Cold Lead,2026-05-16 20:30,,
Lebanese Grill & Mandi Fine Dining Restaurant,,Turkish Restaurant,Khairatabad,"Synosoft Building Plot No. 6-2-39, Shop No.2, opp. kun hyundai showroom, P & T Officers Colony, Veer Nagar, Lakdikapul, Hyderabad, Telangana 500004, India",17.403394,78.4601714,https://www.google.com/maps/place/?q=place_id:ChIJ8ebjRQWXyzsR1iJtqrFo59Q,,3.5,491,₹₹,,,,,,,,,,,,,,,,,,,Google Map Places New V2 API,,Cold Lead,2026-05-16 20:30,,
Blue Sea Restaurant,,Family Restaurant,Khairatabad,"Hyderguda-Basheerbagh Rd, Gun Foundry, Basheer Bagh, Hyderabad, Telangana 500001, India",17.3950912,78.4752221,https://www.google.com/maps/place/?q=place_id:ChIJpelClpCZyzsRdzR6mloO_3w,,4.4,8720,₹₹,,,,,,,,,,,,,,,,,,,Google Map Places New V2 API,,Cold Lead,2026-05-16 20:30,,
Accha Telugu Kitchen & Bar,,Restaurant,Khairatabad,"PV Narasimha Rao Marg, opp. Lake Police Station, Hussain Sagar, Khairtabad, Hyderabad, Telangana 500004, India",17.422035299999997,78.4652469,https://www.google.com/maps/place/?q=place_id:ChIJiRR93K6XyzsRbV_aVQP2o5I,,4.3,573,₹₹,,,,,,,,,,,,,,,,,,,Google Map Places New V2 API,,Cold Lead,2026-05-16 20:30,,
URBAN JUNCTION,,Restaurant,Raj Bhavan Road,"8GVX+46V @Urban junction drive-in, Nagarjuna Sagar Ring Rd, Mohan Nagar, Vivekananda Colony, L. B. Nagar, Hyderabad, Telangana 500074, India",17.3428253,78.54794729999999,https://www.google.com/maps/place/?q=place_id:ChIJV-H4pbyZyzsRTB2TTTP_XV4,,4.6,4967,₹₹,,,,,,,,,,,,,,,,,,,Google Map Places New V2 API,,Cold Lead,2026-05-16 20:30,,
WRAPS & FRIES,,Middle Eastern Restaurant,Raj Bhavan Road,"Katriya Hotel & Towers, Lane, Raj Bhavan Rd, beside Dostea, Somajiguda, Hyderabad, Telangana 500082, India",17.4237908,78.4594693,https://www.google.com/maps/place/?q=place_id:ChIJgW_u8jiXyzsRTHHJnUDeyPM,,4.8,60,₹₹,,,,,,,,,,,,,,,,,,,Google Map Places New V2 API,,Cold Lead,2026-05-16 20:30,,
Parampara - Flavours Of India,,Vegetarian Restaurant,Raj Bhavan Road,"ANR Centre, Road No. 1, Naveen Nagar, Banjara Hills, Hyderabad, Telangana 500034, India",17.4150787,78.4501365,https://www.google.com/maps/place/?q=place_id:ChIJD2xTlR-XyzsRBrWHH2jDPGg,,4.6,15989,₹₹,,,,,,,,,,,,,,,,,,,Google Map Places New V2 API,,Cold Lead,2026-05-16 20:30,,
Dubu mini restro,,Food Court,Raj Bhavan Road,"6-2-787, chintal basti, near New govt degree college, Anand Nagar Colony, Khairtabad, Hyderabad, Telangana 500004, India",17.4093282,78.45913270000001,https://www.google.com/maps/place/?q=place_id:ChIJuzyzP0eXyzsRu93Tf1kH0Cc,,4.6,46,₹₹,,,,,,,,,,,,,,,,,,,Google Map Places New V2 API,,Cold Lead,2026-05-16 20:30,,
Hyderabad Food Court,,Indian Restaurant,Raj Bhavan Road,"19-1-27/A, New Shamsheer Gunj Rd, Choone Ki Bhatti, Abid Bagh, Tekdi Colony, Nawab Saheb Kunta, Hyderabad, Telangana 500053, India",17.3436016,78.4658994,https://www.google.com/maps/place/?q=place_id:ChIJJ3_48fqXyzsRShHJ4GRM6yg,,3.9,633,₹₹,,,,,,,,,,,,,,,,,,,Google Map Places New V2 API,,Cold Lead,2026-05-16 20:30,,
Shadab Restaurant,,Restaurant,Lakdikapool,"5-9-88/A/1, Public Garden Rd, opp. assembly metro station, near Hajj House Lane, Fateh Maidan, Nampally, Hyderabad, Telangana 500001, India",17.3945822,78.47046139999999,https://www.google.com/maps/place/?q=place_id:ChIJUSN-bMKXyzsR4znAZKHi-jA,,4.2,10,₹₹,,,,,,,,,,,,,,,,,,,Google Map Places New V2 API,,Cold Lead,2026-05-16 20:30,,
Shah Ghouse Restaurant,,Restaurant,Lakdikapool,"Lakidapull, sant nirankari satsang bhavan, Mumbai Hwy, beside sant nirankari satsang bhavan, Lakdikapul, Hyderabad, Telangana 500004, India",17.4064483,78.4616775,https://www.google.com/maps/place/?q=place_id:ChIJh4Yu_CuXyzsRUvEX-IgK_Tg,,3.9,6691,₹₹,,,,,,,,,,,,,,,,,,,Google Map Places New V2 API,,Cold Lead,2026-05-16 20:30,,
Aazebo The Royal Arabian Restaurant,,Restaurant,Lakdikapool,"P & T Officers Colony, Veer Nagar, Lakdikapul, Hyderabad, Telangana 500004, India",17.403568399999997,78.459777,https://www.google.com/maps/place/?q=place_id:ChIJI4-nCQCXyzsR2PBDAxvoS5I,,4.7,7955,₹₹,,,,,,,,,,,,,,,,,,,Google Map Places New V2 API,,Cold Lead,2026-05-16 20:30,,
Rayalaseema Ruchulu - Lakdikapul,,Buffet Restaurant,Lakdikapool,"FTCCI Marg, Red Hills, Lakdikapul, Hyderabad, Telangana 500004, India",17.4028909,78.46297369999999,https://www.google.com/maps/place/?q=place_id:ChIJ9XnSCd2ZyzsRLFAIaZqqwdY,,3.8,9787,₹₹₹,,,,,,,,,,,,,,,,,,,Google Map Places New V2 API,,Cold Lead,2026-05-16 20:30,,
Cassia-ALL DAY DINING,,Restaurant,Lakdikapool,"Hampshire Plaza Hotel, Metro Station, 6-1-79 & 80, near Lakdikapul, Ambedkar Colony, Lakdikapul, Hyderabad, Telangana 500004, India",17.4052786,78.46465669999999,https://www.google.com/maps/place/?q=place_id:ChIJR9dIWCCXyzsR-z_8YStmcAY,,4.8,1535,₹₹,,,,,,,,,,,,,,,,,,,Google Map Places New V2 API,,Cold Lead,2026-05-16 20:30,,
MJ street delight,,Hamburger Restaurant,Lakdikapool,"CF27+VCR, Hari Nagar, Red Hills, Lakdikapul, Hyderabad, Telangana 500004, India",17.4022368,78.46352449999999,https://www.google.com/maps/place/?q=place_id:ChIJJ5ewWEaXyzsRRM3qYoXjMQ8,,5.0,19,₹₹,,,,,,,,,,,,,,,,,,,Google Map Places New V2 API,,Cold Lead,2026-05-16 20:30,,
Chicha's,,North Indian Restaurant,Lakdikapool,"6, Awabs Residence, AC Guards Rd, opposite Kun Hyundai, P & T Officers Colony, Veer Nagar, Lakdikapul, Hyderabad, Telangana 500004, India",17.4032204,78.4600976,https://www.google.com/maps/place/?q=place_id:ChIJczu1d0KXyzsRTnWqnqIl2e8,,3.8,13156,₹₹,,,,,,,,,,,,,,,,,,,Google Map Places New V2 API,,Cold Lead,2026-05-16 20:30,,
Imperial Multi-Cusinie Restaurant,,North Indian Restaurant,Lakdikapool,"11-4-692/2, Red Hills Rd, near Niloufer Hospital, Red Hills, Lakdikapul, Hyderabad, Telangana 500004, India",17.3998946,78.46270799999999,https://www.google.com/maps/place/?q=place_id:ChIJswWhgZSXyzsR_I1Sk-dfZko,,3.9,878,₹₹,,,,,,,,,,,,,,,,,,,Google Map Places New V2 API,,Cold Lead,2026-05-16 20:30,,
Ammammagarillu-TFC,,Restaurant,Lakdikapool,"AC Guards Rd, AC Guards, Masab Tank, Hyderabad, Telangana 500004, India",17.4028941,78.4571789,https://www.google.com/maps/place/?q=place_id:ChIJfaNFO6GXyzsRzxbcivftTIQ,,4.1,645,₹₹,,,,,,,,,,,,,,,,,,,Google Map Places New V2 API,,Cold Lead,2026-05-16 20:30,,
Cuiscent Restaurant,,Vegetarian Restaurant,Lakdikapool,"H.No 6-1-1063/C, Collectorate, opp. RR District, Taj Enclave, Lakdikapul, Hyderabad, Telangana 500004, India",17.4063806,78.4631418,https://www.google.com/maps/place/?q=place_id:ChIJ058sw6mXyzsR16nNt44G38U,,3.9,292,₹₹,,,,,,,,,,,,,,,,,,,Google Map Places New V2 API,,Cold Lead,2026-05-16 20:30,,
65 Corner,,Fast Food Restaurant,Lakdikapool,"11-5-381/3, Red Hills, Lakdikapul, Hyderabad, Telangana 500004, India",17.3997666,78.4630725,https://www.google.com/maps/place/?q=place_id:ChIJwYCLw2SXyzsR5CNM43X5eQc,,4.1,2396,₹₹,,,,,,,,,,,,,,,,,,,Google Map Places New V2 API,,Cold Lead,2026-05-16 20:30,,
NAIDUS FOOD COURR,,Fast Food Restaurant,Saifabad,"opposite Mahaveer Hospital, AC Guards, Masab Tank, Hyderabad, Telangana 500028, India",17.4027836,78.4574552,https://www.google.com/maps/place/?q=place_id:ChIJ2_7zagaXyzsRG4Fv2VK4cfE,,5.0,4,₹₹,,,,,,,,,,,,,,,,,,,Google Map Places New V2 API,,Cold Lead,2026-05-16 20:30,,
Sauced Up,,American Restaurant,Saifabad,"Shop No. 5, 10 1-19/1, Saifabad Rd, adjacent to Hotel Golconda, Sham Nagar Colony, Veer Nagar, Masab Tank, Hyderabad, Telangana 500004, India",17.4048072,78.4543133,https://www.google.com/maps/place/?q=place_id:ChIJSfcSgRKXyzsRlXeLNz2khdw,,4.3,589,₹₹,,,,,,,,,,,,,,,,,,,Google Map Places New V2 API,,Cold Lead,2026-05-16 20:30,,
The shareef urban cuisine,,Family Restaurant,Saifabad,"near Nehru zoological park, Narsi Reddy Nagar, Tad Bun, Hyderabad, Telangana 500064, India",17.345963900000005,78.4513898,https://www.google.com/maps/place/?q=place_id:ChIJYWpREQCXyzsRr_OBPRKvlbk,,4.7,243,₹₹,,,,,,,,,,,,,,,,,,,Google Map Places New V2 API,,Cold Lead,2026-05-16 20:30,,
Three Cheers Restaurant,,Chinese Restaurant,Saifabad,"Roshan Manzil, 5-9-7, Birla planatorium road, next to Sukha sagara, Saifabad, Khairtabad, Hyderabad, Telangana 500004, India",17.4036881,78.4679183,https://www.google.com/maps/place/?q=place_id:ChIJkWfjSVyXyzsRFGY86rmCV_s,,4.1,2634,₹₹,,,,,,,,,,,,,,,,,,,Google Map Places New V2 API,,Cold Lead,2026-05-16 20:30,,
Be high bros (On Food),,Restaurant,Himayatnagar,"H.No 1-1-379/120, SRT47 , On top of Hatsun Daily Store, 1st Floor, Block No:101, beside Pochamma Thalli Temple Kaman, Jawahar Nagar, Kavadiguda, Hyderabad, Telangana 500080, India",17.4090313,78.49068079999999,https://www.google.com/maps/place/?q=place_id:ChIJZy8GbcGZyzsRFsobjGsQqq8,,4.5,87,₹₹,,,,,,,,,,,,,,,,,,,Google Map Places New V2 API,,Cold Lead,2026-05-16 20:30,,
Eat N Play,,Restaurant,Himayatnagar,"6-507/1, Devi Laxmi Bagh, Domalguda, Himayatnagar, Hyderabad, Telangana 500029, India",17.4033353,78.4828107,https://www.google.com/maps/place/?q=place_id:ChIJAQBMa92ZyzsRAh9bdHdx-ag,,4.8,69,₹₹,,,,,,,,,,,,,,,,,,,Google Map Places New V2 API,,Cold Lead,2026-05-16 20:30,,
Mirosa Cafe & Kitchen,,Cafe,Himayatnagar,"3-6-236/2, Road, Street No 15, AP State Housing Board, Himayatnagar, Hyderabad, Telangana 500029, India",17.4000293,78.485629,https://www.google.com/maps/place/?q=place_id:ChIJ89OEhe6ZyzsR-hVaoKSLYqs,,4.5,1868,₹₹,,,,,,,,,,,,,,,,,,,Google Map Places New V2 API,,Cold Lead,2026-05-16 20:30,,
"MIDORI - Vegetarian Cafe, Restaurant & Banquet",,Restaurant,Himayatnagar,"5th floor, 3, Hari Om Arjun Towers, AP State Housing Board, Himayatnagar, Hyderabad, Telangana 500029, India",17.400528899999998,78.4864614,https://www.google.com/maps/place/?q=place_id:ChIJbZyG4MKZyzsRjChh3xIYHSw,,4.4,739,₹₹,,,,,,,,,,,,,,,,,,,Google Map Places New V2 API,,Cold Lead,2026-05-16 20:30,,
Ricebowl Himayath nagar,,Restaurant,Himayatnagar,"Urdu Galli, AP State Housing Board, Himayatnagar, Hyderabad, Telangana 500029, India",17.401224499999998,78.48431029999999,https://www.google.com/maps/place/?q=place_id:ChIJN7mBB1GZyzsRx3SE8oergYE,,4.9,244,₹₹,,,,,,,,,,,,,,,,,,,Google Map Places New V2 API,,Cold Lead,2026-05-16 20:30,,
The Nosh Bistro Himayathnagar,,Restaurant,Himayatnagar,"H.No. 3-6-524, Zee construction building, opposite Westside, Himayatnagar, Hyderabadad, Hyderabad, Telangana 500029, India",17.4016149,78.4855089,https://www.google.com/maps/place/?q=place_id:ChIJuWVyTvOZyzsRE9yjmsbSMbg,,4.3,1317,₹₹,,,,,,,,,,,,,,,,,,,Google Map Places New V2 API,,Cold Lead,2026-05-16 20:30,,
Dev’s kitchen Restaurant,,Family Restaurant,Himayatnagar,"9FXP+JC4, Venkata swamy Nagar, Himayatnagar, Hyderabad, Telangana 500029, India",17.3990155,78.4860887,https://www.google.com/maps/place/?q=place_id:ChIJz_P0MQCZyzsRz9gBPN5xmzc,,4.0,77,₹₹,,,,,,,,,,,,,,,,,,,Google Map Places New V2 API,,Cold Lead,2026-05-16 20:30,,
Masaledaar Desi Rasoi - Himayat Nagar,,Vegetarian Restaurant,Himayatnagar,"AP State Housing Board, Himayatnagar, Hyderabad, Telangana 500029, India",17.400724,78.4867714,https://www.google.com/maps/place/?q=place_id:ChIJ-d-bGgCZyzsRY8dbUdoeyOk,,4.6,1272,₹₹,,,,,,,,,,,,,,,,,,,Google Map Places New V2 API,,Cold Lead,2026-05-16 20:30,,
Chives - Pure Vegetarian Restaurant | Himayat Nagar,,Restaurant,Himayatnagar,"3-6-12, Himayat Nagar Rd, opp. TTD Temple, Chandra Nagar, Himayatnagar, Hyderabad, Telangana 500029, India",17.4058064,78.4789018,https://www.google.com/maps/place/?q=place_id:ChIJgbh041KZyzsRZyQpy3MEn3s,,4.5,524,₹₹,,,,,,,,,,,,,,,,,,,Google Map Places New V2 API,,Cold Lead,2026-05-16 20:30,,
Mirame Cafe & Kitchen,,Restaurant,Himayatnagar,"Chikkadpalli Rd, above union bank, Vivek nagar, Chikkadpally, Himayatnagar, Hyderabad, Telangana 500020, India",17.4039252,78.49524579999999,https://www.google.com/maps/place/?q=place_id:ChIJL2UiUTOZyzsRgMRIoqlxqvQ,,4.0,669,₹₹,,,,,,,,,,,,,,,,,,,Google Map Places New V2 API,,Cold Lead,2026-05-16 20:30,,
The ThickShake Factory,,Restaurant,Himayatnagar,"3-6-561/1&2, Ashok Nagar Road, Himayatnagar, Hyderabad, Telangana 500029, India",17.401209599999998,78.4865579,https://www.google.com/maps/place/?q=place_id:ChIJuc_M0tyZyzsRDzoUNnqZ7c0,,4.1,716,₹₹,,,,,,,,,,,,,,,,,,,Google Map Places New V2 API,,Cold Lead,2026-05-16 20:30,,
Gipi's Pizza House & Cafe Himayath Nagar,,Pizza Restaurant,Himayatnagar,"Street No.17, 3, A,2, 6-156, Urdu Galli, AP State Housing Board, Himayatnagar, Hyderabad, Telangana 500029, India",17.401384999999998,78.48426429999999,https://www.google.com/maps/place/?q=place_id:ChIJlfPB6qeZyzsRfwM_biMJdO4,,4.9,115,₹₹,,,,,,,,,,,,,,,,,,,Google Map Places New V2 API,,Cold Lead,2026-05-16 20:30,,
Vintage Restaurant & Bar,,North Indian Restaurant,Himayatnagar,"Vivek nagar, Chikkadpally, Himayatnagar, Hyderabad, Telangana 500020, India",17.406538899999997,78.4959957,https://www.google.com/maps/place/?q=place_id:ChIJZdSDmW2ZyzsR8hZIB1wVOg4,,4.2,1047,₹₹,,,,,,,,,,,,,,,,,,,Google Map Places New V2 API,,Cold Lead,2026-05-16 20:30,,
Arabian Aroma Mandi and Biryani Restaurant,,Restaurant,Himayatnagar,"First Floor, Paras Chambers, opposite Shanti TVS showroom, Venkata swamy Nagar, Himayatnagar, Hyderabad, Telangana 500029, India",17.400594899999998,78.4889295,https://www.google.com/maps/place/?q=place_id:ChIJYQ_RkZaZyzsRfNA_BfHpJsY,,4.8,164,₹₹,,,,,,,,,,,,,,,,,,,Google Map Places New V2 API,,Cold Lead,2026-05-16 20:30,,
The Veg Venjan Restaurant,,Restaurant,Himayatnagar,"6-106/4, AP State Housing Board, Himayatnagar, Hyderabad, Telangana 500029, India",17.4039868,78.4815067,https://www.google.com/maps/place/?q=place_id:ChIJgyZKrACZyzsRjX_XTZWvXZc,,4.5,1205,₹₹,,,,,,,,,,,,,,,,,,,Google Map Places New V2 API,,Cold Lead,2026-05-16 20:30,,
Babai Hotel,,South Indian Restaurant,Himayatnagar,"Himayat Nagar Rd, above addidas showroom, opp. mcdonalds, AP State Housing Board, Himayatnagar, Hyderabad, Telangana 500029, India",17.4004664,78.4868266,https://www.google.com/maps/place/?q=place_id:ChIJSa7KdiSZyzsRRckiScm6hrU,,2.7,149,₹₹,,,,,,,,,,,,,,,,,,,Google Map Places New V2 API,,Cold Lead,2026-05-16 20:30,,
Mandi King Delite Arabian Restaurant,,Middle Eastern Restaurant,Himayatnagar,"Prime Plaza, 101, AP State Housing Board, Himayatnagar, Hyderabad, Telangana 500029, India",17.4013647,78.48454029999999,https://www.google.com/maps/place/?q=place_id:ChIJnRjMS7iZyzsRH37R2-g5x-I,,4.4,1165,₹₹,,,,,,,,,,,,,,,,,,,Google Map Places New V2 API,,Cold Lead,2026-05-16 20:30,,
Makobrew Vegetarian Restaurant & Cafe | Himayatnagar,,Vegetarian Restaurant,Himayatnagar,"4th Floor, 6-289, Plot No.3, Hyderguda Main Rd, beside D-Mart, Avanti Nagar, Himayatnagar, Hyderabad, Hyderguda, Telangana 500029, India",17.399021599999998,78.48169659999999,https://www.google.com/maps/place/?q=place_id:ChIJtZoGBMaZyzsRWbOLQmdHdd0,,4.5,2080,₹₹,,,,,,,,,,,,,,,,,,,Google Map Places New V2 API,,Cold Lead,2026-05-16 20:30,,
Madhushala Bar,,Bar,Himayatnagar,"9FXM+5GG, AP State Housing Board, Himayatnagar, Hyderabad, Telangana 500029, India",17.3979389,78.4838437,https://www.google.com/maps/place/?q=place_id:ChIJIwKNq22ZyzsR4xuc69pJ4C4,,4.1,250,₹₹,,,,,,,,,,,,,,,,,,,Google Map Places New V2 API,,Cold Lead,2026-05-16 20:30,,
The Board Game Cafe,,Cafe,Himayatnagar,"4th Floor, Tirumala Estate, Old MLA Quarters Rd, AP State Housing Board, Himayatnagar, Hyderabad, Telangana 500029, India",17.3998369,78.48668409999999,https://www.google.com/maps/place/?q=place_id:ChIJs04iX86ZyzsRYcdHD7IQd-Q,,4.3,2170,₹₹,,,,,,,,,,,,,,,,,,,Google Map Places New V2 API,,Cold Lead,2026-05-16 20:30,,
Saffron Restaurant,,Restaurant,Secunderabad,"1-1-40, Sarojini Devi Rd, Krishna Complex, Kalasiguda, Secunderabad, Telangana 500003, India",17.4412263,78.4935108,https://www.google.com/maps/place/?q=place_id:ChIJceYKaheayzsRojIxi1SxAeE,,4.2,61,₹₹,,,,,,,,,,,,,,,,,,,Google Map Places New V2 API,,Cold Lead,2026-05-16 20:31,,
Famous Munchies Rasoi,,Restaurant,Secunderabad,"11-1-699/1, Chilkalguda - Mylargadda Rd, Railway Colony, Padmarao Nagar, Secunderabad, Telangana 500061, India",17.4303135,78.51265289999999,https://www.google.com/maps/place/?q=place_id:ChIJeQq_k7KZyzsRzNfEqOQms_k,,4.6,47,₹₹,,,,,,,,,,,,,,,,,,,Google Map Places New V2 API,,Cold Lead,2026-05-16 20:31,,
Asoka Restaurant,,Indian Restaurant,Secunderabad,"Railway Station, 19.9-4, Regimental Bazar Main Rd, opp. Secunderabad, Regimental Bazaar, Shivaji Nagar, Secunderabad, Telangana 500003, India",17.434621,78.50279599999999,https://www.google.com/maps/place/?q=place_id:ChIJw7W6WSGayzsR3VLKtDOdcNk,,3.9,1434,₹₹,,,,,,,,,,,,,,,,,,,Google Map Places New V2 API,,Cold Lead,2026-05-16 20:31,,
Maharaja Restaurant and Bar,,Bar,Secunderabad,"CFRP+QWM, Mahatma Gandhi Rd, Near Flyover, Sappu Bagh Apaprtment, Jogani, Ramgopalpet, Secunderabad, Hyderabad, Telangana 500003, India",17.4419576,78.4873082,https://www.google.com/maps/place/?q=place_id:ChIJNy0hLhCayzsRUz7kenquJIQ,,3.3,171,₹₹,,,,,,,,,,,,,,,,,,,Google Map Places New V2 API,,Cold Lead,2026-05-16 20:31,,
Verandah By TSK Secunderabad,,Lounge Bar,Secunderabad,"5th floor, cvk park square, above aptronix store, Kalasiguda, Secunderabad, Telangana 500003, India",17.4419161,78.489991,https://www.google.com/maps/place/?q=place_id:ChIJQ_ApRZabyzsRP5V4oGcRthg,,4.5,743,₹₹,,,,,,,,,,,,,,,,,,,Google Map Places New V2 API,,Cold Lead,2026-05-16 20:31,,
Kalpana Food Court,,Indian Restaurant,Secunderabad,"Centerpoint, Near, Registration Office Ln, Trillinga Colony, Padmavati Colony, New Bowenpally, Hyderabad, Secunderabad, Telangana 500009, India",17.463966199999998,78.4835793,https://www.google.com/maps/place/?q=place_id:ChIJEWI6y5ubyzsR0P6umrsVQMc,,3.9,37,₹₹,,,,,,,,,,,,,,,,,,,Google Map Places New V2 API,,Cold Lead,2026-05-16 20:31,,
Cafe The Multi Cuisine Restaurant,,Restaurant,Secunderabad,"1-2-40, 41 & 43, Park Ln, Kalasiguda, Secunderabad, Telangana 500003, India",17.442315,78.4904322,https://www.google.com/maps/place/?q=place_id:ChIJi8jqWv2byzsRxrl_9Xb4LRA,,4.8,1488,₹₹,,,,,,,,,,,,,,,,,,,Google Map Places New V2 API,,Cold Lead,2026-05-16 20:31,,
Terrace Grill,,Family Restaurant,Secunderabad,"ECIL POST Behind Bus stop towards ECIL, Main Road, Trimulgherry - ECIL Rd, Lakshmipuram Colony, Brindavan Colony, Dr. A. S. Rao Nagar, Secunderabad, Telangana 500062, India",17.47963,78.5585964,https://www.google.com/maps/place/?q=place_id:ChIJn4WT4Y-byzsRQZFBWB0_U-s,,4.3,5595,₹₹,,,,,,,,,,,,,,,,,,,Google Map Places New V2 API,,Cold Lead,2026-05-16 20:31,,
The Nosh Bistro,,Restaurant,Secunderabad,"H.No-1-8-32/60, Mehar Manzil, PG Road, opposite to Laxmi Villas Bank, Sindhi Colony, Ramgopalpet, Hyderabad, Telangana 500003, India",17.4404011,78.480239,https://www.google.com/maps/place/?q=place_id:ChIJEd7paAqbyzsRNlCyS1m3w3w,,4.6,1066,₹₹,,,,,,,,,,,,,,,,,,,Google Map Places New V2 API,,Cold Lead,2026-05-16 20:31,,
Kaadhale - Pure Vegetarian Restaurant,,Restaurant,Secunderabad,"1-1, 8, Sarojini Devi Rd, opp. Clock Tower, Kummari Guda, Shivaji Nagar, Secunderabad, Telangana 500003, India",17.4406602,78.4974663,https://www.google.com/maps/place/?q=place_id:ChIJTWd3g86byzsRpEdyHTwh2kk,,4.6,4888,₹₹,,,,,,,,,,,,,,,,,,,Google Map Places New V2 API,,Cold Lead,2026-05-16 20:31,,
SECRET KITCHEN RESTAURANT,,North Indian Restaurant,Secunderabad,"Lakshmi Apartments, 6-1-1 to 6-1-4, Bhoiguda Road, next to ICICI ATM, opp. : Pillar No. 1302, Walker Town, Padmarao Nagar, Secunderabad, Telangana 500020, India",17.4298629,78.5048497,https://www.google.com/maps/place/?q=place_id:ChIJ-XJ5dA-byzsRZHpjiVQvDcU,,4.4,1057,₹₹,,,,,,,,,,,,,,,,,,,Google Map Places New V2 API,,Cold Lead,2026-05-16 20:31,,
Aangan Restro Bar,,Restaurant,Secunderabad,"Pincode Hotels, 1-8-180/B, Sardar Patel Rd, Jogani, Ramgopalpet, Secunderabad, Hyderabad, Telangana 500003, India",17.4426909,78.48414149999999,https://www.google.com/maps/place/?q=place_id:ChIJ53GFFxGayzsRwfU7CLWaNl4,,4.4,595,₹₹,,,,,,,,,,,,,,,,,,,Google Map Places New V2 API,,Cold Lead,2026-05-16 20:31,,
Mayabazar Restaurant,,Family Restaurant,Secunderabad,"Bus Stand, Plot No 174, 1st Main Rd, near Karkhana, Vasavi Nagar, Karkhana, Secunderabad, Telangana 500015, India",17.460869,78.500714,https://www.google.com/maps/place/?q=place_id:ChIJA2H4_0KayzsROPjVr8O9HDQ,,4.1,12965,₹₹,,,,,,,,,,,,,,,,,,,Google Map Places New V2 API,,Cold Lead,2026-05-16 20:31,,
Secret Kitchen Ristorante & Bakery,,Chinese Restaurant,Secunderabad,"6-1-102/3, Padmarao Nagar Main Rd, near by Pulse Hospital, Aruna Colony, Walker Town, Padmarao Nagar, Hyderabad, Secunderabad, Telangana 500020, India",17.422048099999998,78.50391019999999,https://www.google.com/maps/place/?q=place_id:ChIJXxdxbkmZyzsRfgGFyQBOrF0,,4.5,783,₹₹,,,,,,,,,,,,,,,,,,,Google Map Places New V2 API,,Cold Lead,2026-05-16 20:31,,
Pista House Secunderabad,,Indian Restaurant,Secunderabad,"64, Sarojini Devi Rd, Regimental Bazaar, Shivaji Nagar, Secunderabad, Telangana 500003, India",17.4416705,78.5002595,https://www.google.com/maps/place/?q=place_id:ChIJ57KZAYmbyzsR02sBvBadRm8,,4.3,6950,₹₹,,,,,,,,,,,,,,,,,,,Google Map Places New V2 API,,Cold Lead,2026-05-16 20:31,,
The Exotic Grill - Multicuisine Restaurant,,Restaurant,Secunderabad,"shop 1,Ground floor,12-13-197,pavani anasuya towers, opp. hmda, beside sudharshan reddy sweets, Shri Mitra Ramana Classic Enclave, Krishna Giri Enclave, Tarnaka, Hyderabad, Secunderabad, Telangana 500017, India",17.425028299999997,78.53570189999999,https://www.google.com/maps/place/?q=place_id:ChIJXalpChCZyzsR9ZJ6TVPmQPg,,4.6,2220,₹₹,,,,,,,,,,,,,,,,,,,Google Map Places New V2 API,,Cold Lead,2026-05-16 20:31,,
Temple Tree Pure Veg Restaurant,,Family Restaurant,Secunderabad,"15, Tarbund, beside Sri Tadbund, Veeranjaneya Swamy Devasthanam, Sikh Village, New Bowenpally, Secunderabad, Telangana 500009, India",17.4571713,78.4858872,https://www.google.com/maps/place/?q=place_id:ChIJe6f3XwCbyzsRvlybd7OZ9CQ,,4.6,1950,₹₹,,,,,,,,,,,,,,,,,,,Google Map Places New V2 API,,Cold Lead,2026-05-16 20:31,,
MULTI CUISINE RESTAURANT,,Restaurant,Secunderabad,"CFQX+8W4, Regimental Bazar Main Rd, Regimental Bazaar, Shivaji Nagar, Secunderabad, Telangana 500003, India",17.4382528,78.49981819999999,https://www.google.com/maps/place/?q=place_id:ChIJL2UA7iKayzsRbUC_4NEDbis,,4.5,15,₹₹,,,,,,,,,,,,,,,,,,,Google Map Places New V2 API,,Cold Lead,2026-05-16 20:31,,
Vivaha Bhojanambu,,South Indian Restaurant,Secunderabad,"Ground floor Shop # 12, Eden Square, Sangeet X roads, Regimental Bazar Main Rd, beside APOLLO HOSPITAL, Regimental Bazaar, Shivaji Nagar, Secunderabad, Telangana 500003, India",17.4398131,78.50498259999999,https://www.google.com/maps/place/?q=place_id:ChIJjUUC8RCayzsRifrUICy4rNc,,4.2,13247,₹₹₹,,,,,,,,,,,,,,,,,,,Google Map Places New V2 API,,Cold Lead,2026-05-16 20:31,,
Mumbai Masalaa - Secunderabad,,Indian Restaurant,Secunderabad,"401, 4th Floor, Legend Crystal Building, CFPQ+QQ2, PG Road, Sappu Bagh Apaprtment, Jogani, Ramgopalpet, Secunderabad, Hyderabad, Telangana 500003, India",17.4408817,78.48594489999999,https://www.google.com/maps/place/?q=place_id:ChIJjwxePHWbyzsRr5c7mIkELV8,,4.5,1676,₹₹,,,,,,,,,,,,,,,,,,,Google Map Places New V2 API,,Cold Lead,2026-05-16 20:31,,
Vasaara- South Indian Kitchen,,Restaurant,Film Nagar,"Road No. 82, opposite Indian Oil Petrol Pump, Film Nagar, Hyderabad, Telangana 500096, India",17.4168908,78.41093459999999,https://www.google.com/maps/place/?q=place_id:ChIJLc6fN-KXyzsRQJ9jPg2b-U4,,4.7,225,₹₹,,,,,,,,,,,,,,,,,,,Google Map Places New V2 API,,Cold Lead,2026-05-16 20:31,,
Soul of South Restaurant,,South Indian Restaurant,Film Nagar,"1st Floor, Sujana One, 210, Road No. 82, Film Nagar, Hyderabad, Telangana 500096, India",17.4164128,78.4100388,https://www.google.com/maps/place/?q=place_id:ChIJswZ76smXyzsRAPAG0ku4u6g,,4.3,2041,₹₹,,,,,,,,,,,,,,,,,,,Google Map Places New V2 API,,Cold Lead,2026-05-16 20:31,,
Nandan Food Court,,Vegetarian Restaurant,Film Nagar,"Plot no 83, opp. apollo hosipatal, Journalist Colony, b, Hyderabad, Telangana 500096, India",17.415675,78.412711,https://www.google.com/maps/place/?q=place_id:ChIJadEoC8aXyzsRqsBDnsYx8kE,,4.3,3,₹₹,,,,,,,,,,,,,,,,,,,Google Map Places New V2 API,,Cold Lead,2026-05-16 20:31,,
Vibeyard Bistro,,Italian Restaurant,Film Nagar,"Plot B-22, Rd Number 8, Durga Bhawani Nagar, Film Nagar, Jubilee Hills, Hyderabad, Telangana 500096, India",17.413304099999998,78.4088919,https://www.google.com/maps/place/?q=place_id:ChIJky50BOWXyzsRr3JuZY3wJsU,,4.4,1018,₹₹,,,,,,,,,,,,,,,,,,,Google Map Places New V2 API,,Cold Lead,2026-05-16 20:31,,
Ur life cafe,,Restaurant,Film Nagar,"32b, Road No. 4, Film Nagar, Hyderabad, Telangana 500096, India",17.4152107,78.4140953,https://www.google.com/maps/place/?q=place_id:ChIJCTPke-CXyzsRXxVLfwmDO5w,,4.0,92,₹₹,,,,,,,,,,,,,,,,,,,Google Map Places New V2 API,,Cold Lead,2026-05-16 20:31,,
Aaromale - Cafe & Creative Community,,Cafe,Film Nagar,"A-72, Road No. 12, Giani Zail Singh Nagar, Film Nagar, Hyderabad, Telangana 500096, India",17.4129757,78.40651540000002,https://www.google.com/maps/place/?q=place_id:ChIJ5RdM7DeXyzsRns6LsLrfreA,,4.4,6190,₹₹,,,,,,,,,,,,,,,,,,,Google Map Places New V2 API,,Cold Lead,2026-05-16 20:31,,
Jammin Junction Bar & Kitchen,,Restaurant,Film Nagar,"1st floor, Plot #377, Road No. 82, above Papaya Restaurant, Phase III, film nagar, Jubilee Hills, Hyderabad, Telangana 500096, India",17.4141498,78.4062162,https://www.google.com/maps/place/?q=place_id:ChIJRdbPup2XyzsR3vBazKSdHHk,,4.9,46,₹₹,,,,,,,,,,,,,,,,,,,Google Map Places New V2 API,,Cold Lead,2026-05-16 20:31,,
Feranoz | FilmNagar,,Cafe,Film Nagar,"Road No. 82, Film Nagar, Hyderabad, Telangana 500096, India",17.4142489,78.40807649999999,https://www.google.com/maps/place/?q=place_id:ChIJhRmzaK2XyzsRU6_XssMI8bc,,4.8,4400,₹₹,,,,,,,,,,,,,,,,,,,Google Map Places New V2 API,,Cold Lead,2026-05-16 20:31,,
Kritunga The Palegar's Cuisine Select,,South Indian Restaurant,Film Nagar,"no: 82, 1st floor, Plot no, 381, 3, Road, Phase III, Film Nagar, Hyderabad, Telangana 500096, India",17.4141703,78.4069265,https://www.google.com/maps/place/?q=place_id:ChIJE54O98GXyzsRaxvA3RuEnog,,4.5,1228,₹₹,,,,,,,,,,,,,,,,,,,Google Map Places New V2 API,,Cold Lead,2026-05-16 20:31,,
BOTTEGA Fine Food Cafe,,Cafe,Film Nagar,"Plot 13/b, Road No. 86, Phase 2, Film Nagar, Hyderabad, Telangana 500096, India",17.4125353,78.4128893,https://www.google.com/maps/place/?q=place_id:ChIJDTMMU8-WyzsR0QMBAuIEzes,,4.1,308,₹₹,,,,,,,,,,,,,,,,,,,Google Map Places New V2 API,,Cold Lead,2026-05-16 20:31,,
PaPaYa - Modern Asian Bistro,,Asian Restaurant,Film Nagar,"Plot no 377 Film Nagar, no: 82, road, beside third wave cafe, Phase III, Jubilee Hills, Hyderabad, Telangana 500096, India",17.4141034,78.4061971,https://www.google.com/maps/place/?q=place_id:ChIJ32oW7MmXyzsRlgr6hOOQ0zQ,,4.3,926,₹₹₹,,,,,,,,,,,,,,,,,,,Google Map Places New V2 API,,Cold Lead,2026-05-16 20:31,,
The Writer’s Room,,Cafe,Film Nagar,"Road No 79, Film Nagar, Phase III, Jubilee Hills, Hyderabad, Telangana 500096, India",17.4144498,78.40430289999999,https://www.google.com/maps/place/?q=place_id:ChIJ0QvX3iWXyzsRls6QOjlEUds,,4.4,599,₹₹,,,,,,,,,,,,,,,,,,,Google Map Places New V2 API,,Cold Lead,2026-05-16 20:31,,
The food factory,,Restaurant,Film Nagar,"Gulshan Colony, Qutub Shahi Tombs, Hyderabad, Telangana 500104, India",17.399397399999998,78.39960889999999,https://www.google.com/maps/place/?q=place_id:ChIJyWAoJMWXyzsRvnMwaUIN8i8,,4.3,10,₹₹,,,,,,,,,,,,,,,,,,,Google Map Places New V2 API,,Cold Lead,2026-05-16 20:31,,
Food Station 440,,Cafe,Film Nagar,"Plot No 440, Rd Number 80, Phase III, Film Nagar, Hyderabad, Telangana 500096, India",17.4156036,78.4054704,https://www.google.com/maps/place/?q=place_id:ChIJf_k95VeXyzsR5ckL5Ee2eUI,,4.5,153,₹₹,,,,,,,,,,,,,,,,,,,Google Map Places New V2 API,,Cold Lead,2026-05-16 20:31,,
REBEL & RYE Bar and Kitchen,,Restaurant,Film Nagar,"5th Floor, Sujana one, 210, Road No. 82, Film Nagar, Hyderabad, Telangana 500096, India",17.4164639,78.4100096,https://www.google.com/maps/place/?q=place_id:ChIJl7HVuZaRyzsR4_RpiRLQdLE,,4.2,93,₹₹,,,,,,,,,,,,,,,,,,,Google Map Places New V2 API,,Cold Lead,2026-05-16 20:31,,
sa.ma - The Indian Kitchen,,Restaurant,Film Nagar,"Plot no:5, MLA Colony, Film Nagar, Hyderabad, Telangana 500096, India",17.4182758,78.4118317,https://www.google.com/maps/place/?q=place_id:ChIJlRWNh_eXyzsRor-WXISpXPw,,4.5,786,₹₹,,,,,,,,,,,,,,,,,,,Google Map Places New V2 API,,Cold Lead,2026-05-16 20:31,,
Swaruchi Restaurant,,South Indian Restaurant,Film Nagar,"Shop#4,5 & 6, AP Film Chamber of Commerce, Road No. 5, Film Nagar, Hyderabad, Telangana 500096, India",17.4160449,78.41085009999999,https://www.google.com/maps/place/?q=place_id:ChIJn2lEEcmWyzsRonjMFkmrlA4,,4.0,534,₹₹,,,,,,,,,,,,,,,,,,,Google Map Places New V2 API,,Cold Lead,2026-05-16 20:31,,
Mouryaa Restaurant,,Restaurant,Yousufguda,"c/17, Suguna Elite, 8-3-232, Venkatgiri Rd, near jubilee hills, APSFC Colony, ICRISAT Colony, Yousufguda, Hyderabad, Telangana 500045, India",17.4344625,78.41974669999999,https://www.google.com/maps/place/?q=place_id:ChIJLUyDOJuRyzsR4VWnjIUFDjY,,4.5,379,₹₹,,,,,,,,,,,,,,,,,,,Google Map Places New V2 API,,Cold Lead,2026-05-16 20:31,,
STICK & BOWL CHINESE RESTAURANT,,Chinese Restaurant,Yousufguda,"Rahmat Nagar, Yousufguda, Hyderabad, Telangana 500045, India",17.4411479,78.42514589999999,https://www.google.com/maps/place/?q=place_id:ChIJK2sZhvORyzsRkMTg3XGoqzI,,4.5,17,₹₹,,,,,,,,,,,,,,,,,,,Google Map Places New V2 API,,Cold Lead,2026-05-16 20:31,,
Mettus Kitchen,,Restaurant,Yousufguda,"A venkatgiri, 8-3-229/E/1/4, new optical lane, near bada mazid, Venkatgiri Nagar, Yousufguda, Hyderabad, Telangana 500045, India",17.4341707,78.4228844,https://www.google.com/maps/place/?q=place_id:ChIJ08KbWgeRyzsRjNIpEDkA3Ho,,3.7,12,₹₹,,,,,,,,,,,,,,,,,,,Google Map Places New V2 API,,Cold Lead,2026-05-16 20:31,,
RRR Family Restaurant (Mandi),,North Indian Restaurant,Yousufguda,"8-3-231/b/11, beside Pillar no 1544, Sri Krishna Nagar, Yousufguda, Hyderabad, Telangana 500045, India",17.4317134,78.42589219999999,https://www.google.com/maps/place/?q=place_id:ChIJsx-0P4uRyzsRBCcQFRxzGoQ,,4.4,388,₹₹,,,,,,,,,,,,,,,,,,,Google Map Places New V2 API,,Cold Lead,2026-05-16 20:31,,
Hyderabad Restaurant,,North Indian Restaurant,Yousufguda,"Unnamed Road, Engineers Colony, Sri Krishna Nagar, Pragathi Nagar, Yousufguda, Hyderabad, Telangana 500045, India",17.4363863,78.4325935,https://www.google.com/maps/place/?q=place_id:ChIJd4MK5yeRyzsRBtquVsAHsrQ,,3.9,1423,₹₹,,,,,,,,,,,,,,,,,,,Google Map Places New V2 API,,Cold Lead,2026-05-16 20:31,,
Vaishnavi Tiffins,,Restaurant,Yousufguda,"8-3-675, 1, Yousufguda Main Rd, near MMS Chambers Building, Ali Nagar, Padala Ramareddy Colony, Yella Reddy Guda, Hyderabad, Telangana 500073, India",17.435943599999998,78.4395685,https://www.google.com/maps/place/?q=place_id:ChIJx2M-9eaRyzsRH_fhMYBNCEQ,,4.4,41,₹₹,,,,,,,,,,,,,,,,,,,Google Map Places New V2 API,,Cold Lead,2026-05-16 20:31,,
Spicy Restaurant,,Indian Restaurant,Yousufguda,"Plot No. 8-3-231/W/73, Srinagar Colony Main Rd, Sri Krishna Nagar, Yousufguda, Hyderabad, Telangana 500045, India",17.429981299999998,78.4261082,https://www.google.com/maps/place/?q=place_id:ChIJOyMu2iuRyzsRxHN6yPTJ9G0,,3.8,7353,₹₹,,,,,,,,,,,,,,,,,,,Google Map Places New V2 API,,Cold Lead,2026-05-16 20:31,,
Indo Arabian Mandi House Multi Cuisine Family Restaurant,,Indian Restaurant,Yousufguda,"H.No. 8-3-833/166, 1st floor, beside archean granite, Srinagar Colony Main Rd, near ghmc park, Sri Nagar Colony, Kamalapuri Colony, Yousufguda, Hyderabad, Telangana 500073, India",17.4300242,78.4302459,https://www.google.com/maps/place/?q=place_id:ChIJO5kW2KmRyzsRG372G5yJmMo,,4.1,3511,₹₹,,,,,,,,,,,,,,,,,,,Google Map Places New V2 API,,Cold Lead,2026-05-16 20:31,,
Sri Laxmi Ganapathi Take Away,,Restaurant,Yousufguda,"8-3-833, 178, Kamalapuri Colony Rd, Sri Nagar Colony, Kamalapuri Colony, Yousufguda, Hyderabad, Telangana 500073, India",17.430785399999998,78.42872059999999,https://www.google.com/maps/place/?q=place_id:ChIJGXla8SmRyzsRwhsna4LdnUE,,4.3,367,₹₹,,,,,,,,,,,,,,,,,,,Google Map Places New V2 API,,Cold Lead,2026-05-16 20:31,,
Lucky restaurant,,Indian Restaurant,Yousufguda,"Shop No-3, 8-3-231/G, 4, Srinagar Colony Main Rd, Sri Krishna Nagar, Krishna Nagar, Yousufguda, Hyderabad, Telangana 500045, India",17.430020199999998,78.4258217,https://www.google.com/maps/place/?q=place_id:ChIJN-RZOQeRyzsRtF-6d-Zzc0g,,2.6,161,₹₹,,,,,,,,,,,,,,,,,,,Google Map Places New V2 API,,Cold Lead,2026-05-16 20:31,,
Shri Vijaya Durga Food Court,,Fast Food Restaurant,Yousufguda,"8-3-228/1238/1, Rahmat Nagar, Yousufguda, Hyderabad, Telangana 500045, India",17.441971799999997,78.4293581,https://www.google.com/maps/place/?q=place_id:ChIJmecMUieRyzsRbS7tCC1-s80,,4.6,128,₹₹,,,,,,,,,,,,,,,,,,,Google Map Places New V2 API,,Cold Lead,2026-05-16 20:31,,
I Food Chinese Lounge,,Fast Food Restaurant,Yousufguda,"A-166, Srinagar Colony Main Rd, Sri Krishna Nagar, Krishna Nagar, Yousufguda, Hyderabad, Telangana 500045, India",17.432635700000002,78.42730379999999,https://www.google.com/maps/place/?q=place_id:ChIJr7iMMLCRyzsRhRRKb91eZYY,,4.6,66,₹₹,,,,,,,,,,,,,,,,,,,Google Map Places New V2 API,,Cold Lead,2026-05-16 20:31,,
D Whirl Street (Food),,Fast Food Restaurant,Yousufguda,"Road No. 7, Budha Nagar, Sai Residency, Mallikarjuna Nagar, Boduppal, Hyderabad, Telangana 500092, India",17.4079576,78.5948221,https://www.google.com/maps/place/?q=place_id:ChIJ1-IRDeufyzsRDu8m-tUFV5E,,4.4,816,₹₹,,,,,,,,,,,,,,,,,,,Google Map Places New V2 API,,Cold Lead,2026-05-16 20:31,,
SSR Tiffin's and meals,,Restaurant,Yousufguda,"Yousufguda, G4, Madhura Nagar, Hyderabad, Telangana 500045, India",17.4368658,78.4323771,https://www.google.com/maps/place/?q=place_id:ChIJI5SJxcqRyzsRK4qIwuWKXbY,,4.3,302,₹₹,,,,,,,,,,,,,,,,,,,Google Map Places New V2 API,,Cold Lead,2026-05-16 20:31,,
Rayala Vari Ruchulu,,South Indian Restaurant,Yousufguda,"Ground Floor, Smik Apartment, 8-3-222/7/12/B, Yousufguda Main Rd, Lata Enclave, Madhura Nagar, Hyderabad, Telangana 500073, India",17.4365046,78.4390076,https://www.google.com/maps/place/?q=place_id:ChIJxe6st8aQyzsRVTTodS4HN-s,,3.6,2357,₹₹,,,,,,,,,,,,,,,,,,,Google Map Places New V2 API,,Cold Lead,2026-05-16 20:31,,
Laiba's cafe,,Cafe,Yousufguda,"8-3-231/B 255 256, Sri Krishna Nagar, Yousufguda, Hyderabad, Telangana 500045, India",17.4311635,78.42599799999999,https://www.google.com/maps/place/?q=place_id:ChIJh8R6neyRyzsR7sdE_nW6ztg,,4.1,462,₹₹,,,,,,,,,,,,,,,,,,,Google Map Places New V2 API,,Cold Lead,2026-05-16 20:31,,
Madhushala Restaurant and Bar,,Bar,Yousufguda,"8-3-231 Srinagar Colony Main Rd Sri Nagar Colony Sri Krishna Nagar, Srinagar Colony Main Rd, Sri Nagar Colony, Aurora Colony, Yousufguda, Hyderabad, Telangana 500073, India",17.4298948,78.43173759999999,https://www.google.com/maps/place/?q=place_id:ChIJOylpxdWQyzsR_i8txgVnFv8,,3.7,2066,₹₹,,,,,,,,,,,,,,,,,,,Google Map Places New V2 API,,Cold Lead,2026-05-16 20:31,,
Shade Restaurant,,Bar,Shivam Road,"CG37+GVX, Shivam Rd, Prashanti Nagar, APHB Colony, New Nallakunta, Hyderabad, Telangana 500044, India",17.403867200000004,78.51474180000001,https://www.google.com/maps/place/?q=place_id:ChIJ7_1yjKGZyzsRQYxokvt1Uh8,,3.8,2860,₹₹,,,,,,,,,,,,,,,,,,,Google Map Places New V2 API,,Cold Lead,2026-05-16 20:31,,
Southern Spice -Flavours of South,,South Indian Restaurant,Shivam Road,"1146, 2-2, 20, Shivam Rd, Bagh Amberpet, New Nallakunta, Hyderabad, Telangana 500044, India",17.3948434,78.5111519,https://www.google.com/maps/place/?q=place_id:ChIJgyiBfemZyzsRUPiKMbXNPmI,,4.1,193,₹₹,,,,,,,,,,,,,,,,,,,Google Map Places New V2 API,,Cold Lead,2026-05-16 20:31,,
Arabian Mandi house,,Middle Eastern Restaurant,Shivam Road,"OU Road, Shivam Rd, Indraprasth Colony, DD Colony, Amberpet, Hyderabad, Telangana 500007, India",17.4051699,78.5155547,https://www.google.com/maps/place/?q=place_id:ChIJL0gccRSZyzsRvhGfhQouEr4,,4.0,699,₹₹,,,,,,,,,,,,,,,,,,,Google Map Places New V2 API,,Cold Lead,2026-05-16 20:31,,
Lassi n Cafe Shivam Road,,Cafe,Shivam Road,"Azam Complex, Shivam Rd, beside SBI Bank, MCH Colony, Bagh Amberpet, New Nallakunta, Hyderabad, Telangana 500044, India",17.3984821,78.5126366,https://www.google.com/maps/place/?q=place_id:ChIJddKXyROZyzsRzndvGSeZKn4,,3.7,307,₹₹,,,,,,,,,,,,,,,,,,,Google Map Places New V2 API,,Cold Lead,2026-05-16 20:31,,
ZEE N CAFE,,Pizza Restaurant,Shivam Road,"Azam Complex, 2-2-647/182/A/16/A, Shivam Rd, MCH Colony, Bagh Amberpet, New Nallakunta, Hyderabad, Telangana 500044, India",17.398518,78.51265,https://www.google.com/maps/place/?q=place_id:ChIJU4QW1U2ZyzsR__FQ3GWaeAw,,5.0,12,₹₹,,,,,,,,,,,,,,,,,,,Google Map Places New V2 API,,Cold Lead,2026-05-16 20:31,,
Noodle House,,Fast Food Restaurant,Shivam Road,"H.No : 2-2, 647/18/A/9, Shivam Rd, MCH Colony, Bagh Amberpet, New Nallakunta, Hyderabad, Telangana 500013, India",17.3983691,78.51297389999999,https://www.google.com/maps/place/?q=place_id:ChIJAY7mGqSZyzsRgNoKy731sdQ,,3.9,2484,₹₹,,,,,,,,,,,,,,,,,,,Google Map Places New V2 API,,Cold Lead,2026-05-16 20:31,,
Shahenshah Mandi,,North Indian Restaurant,Shivam Road,"2-2-1105/90/A/1, 1st Floor, Sai Ashoka Meridian Shivam Road, Tilak Nagar, Shri Mitra Enclave, Bagh Amberpet, Amberpet, Hyderabad, Telangana 500044, India",17.392304799999998,78.5105961,https://www.google.com/maps/place/?q=place_id:ChIJ7zNJT62ZyzsRnCcAFc-hoJw,,3.8,418,₹₹,,,,,,,,,,,,,,,,,,,Google Map Places New V2 API,,Cold Lead,2026-05-16 20:31,,
4 Chili's Kitchen,,South Indian Restaurant,Shivam Road,"Microbiology Department, Gate, Osmania University Rd, Indraprasth Colony, DD Colony, Amberpet, Hyderabad, Telangana 500007, India",17.4053951,78.51593319999999,https://www.google.com/maps/place/?q=place_id:ChIJcfNMNQCZyzsRzMPVDcI_XoQ,,4.1,403,₹₹,,,,,,,,,,,,,,,,,,,Google Map Places New V2 API,,Cold Lead,2026-05-16 20:31,,
Papaji's Kitchen,,Restaurant,Shivam Road,"Ramantapur Road, Owaisi Nagar, Kamshetty Enclave, Akash Nagar, Amberpet, Hyderabad, Telangana 500013, India",17.3940043,78.523926,https://www.google.com/maps/place/?q=place_id:ChIJWTZfCOWZyzsR4pTbmc1Pb_k,,4.4,690,₹₹,,,,,,,,,,,,,,,,,,,Google Map Places New V2 API,,Cold Lead,2026-05-16 20:31,,
Papaji-Da-Dhaba,,Chinese Restaurant,Shivam Road,"Shivananda Livings, 2-2-1133/5/6/1, Shivam Rd, Prashanti Nagar, New Nallakunta, Hyderabad, Telangana 500044, India",17.3976838,78.5119423,https://www.google.com/maps/place/?q=place_id:ChIJk5oMXaSZyzsRirjxIi-DUSA,,3.9,2307,₹₹,,,,,,,,,,,,,,,,,,,Google Map Places New V2 API,,Cold Lead,2026-05-16 20:31,,
A1 GOLDEN Fast Food &TEA POINT,,Fast Food Restaurant,Shivam Road,"Kummari Basti, Turab Nagar, Amberpet, Hyderabad, Telangana 500013, India",17.3932304,78.52123979999999,https://www.google.com/maps/place/?q=place_id:ChIJoZCA9raZyzsR3WgHI6tUqoU,,4.9,96,₹₹,,,,,,,,,,,,,,,,,,,Google Map Places New V2 API,,Cold Lead,2026-05-16 20:31,,
4 Chili’s Kitchen - Ramnagar,,North Indian Restaurant,Shivam Road,"1-9-19/134, Ramnagar Gundu Rd, beside E-Seva, TRT Colony, Ram Nagar, Hyderabad, Telangana 500020, India",17.408828300000003,78.50918419999999,https://www.google.com/maps/place/?q=place_id:ChIJFyPTgTKZyzsRxZCtpLTGcRQ,,3.9,471,₹₹,,,,,,,,,,,,,,,,,,,Google Map Places New V2 API,,Cold Lead,2026-05-16 20:31,,
The Wrap House,,Restaurant,Shivam Road,"16-7-386/1, beside imad collection, Azampura, Malakpet, Hyderabad, Telangana 500024, India",17.3757691,78.49229509999999,https://www.google.com/maps/place/?q=place_id:ChIJ91fHKSuZyzsRFedc0tzBvM8,,4.1,637,₹₹,,,,,,,,,,,,,,,,,,,Google Map Places New V2 API,,Cold Lead,2026-05-16 20:31,,
Restaurant On Wheels,,Family Restaurant,Shivam Road,"99-65, Rahamath Bagh Rd, opp. Indian Bank, Sujatha Nagar, Amberpet, Hyderabad, Telangana 500027, India",17.389144299999998,78.4987531,https://www.google.com/maps/place/?q=place_id:ChIJh_GrAgCZyzsRmzfoxweX5Gc,,3.3,14,₹₹,,,,,,,,,,,,,,,,,,,Google Map Places New V2 API,,Cold Lead,2026-05-16 20:31,,
Domino's Pizza | Amberpet,,Pizza Restaurant,Shivam Road,"1st Floor, Ganga Bhavani Chambers, 2-2-1105/90, Shivam Rd, Shri Mitra Enclave, Bagh Amberpet, Amberpet, Hyderabad, Telangana 500044, India",17.392447699999998,78.51061709999999,https://www.google.com/maps/place/?q=place_id:ChIJ7w0ntq-ZyzsRCPb_pBpDFBQ,,3.8,1615,₹₹,,,,,,,,,,,,,,,,,,,Google Map Places New V2 API,,Cold Lead,2026-05-16 20:31,,
Spice Court Fast Food Centre,,Fast Food Restaurant,Shivam Road,"S. No. 1-7-1045,, Ramnagar, Azamabad, Adikmet, Secunderabad, Hyderabad, Telangana 500020, India",17.407218,78.50555949999999,https://www.google.com/maps/place/?q=place_id:ChIJr6qqLpmZyzsRxTo6LV6beKk,,4.3,1802,₹₹,,,,,,,,,,,,,,,,,,,Google Map Places New V2 API,,Cold Lead,2026-05-16 20:31,,
City Wok Fast Food Center,,Fast Food Restaurant,Shivam Road,"opp. U.S Pizza, beside HP Gas agency, SRT Colony, Vidyanagar, Adikmet, Hyderabad, Telangana 500044, India",17.4045934,78.5116634,https://www.google.com/maps/place/?q=place_id:ChIJFU2DR-eZyzsRYWaqcAhoIcI,,4.2,1266,₹₹,,,,,,,,,,,,,,,,,,,Google Map Places New V2 API,,Cold Lead,2026-05-16 20:31,,
SHERTON,,North Indian Restaurant,Shivam Road,"Road Number 6 Near Maharana Pratap function hall, Mehboobganj, Quadri Bagh, Amberpet, Hyderabad, Telangana 500013, India",17.39125,78.512087,https://www.google.com/maps/place/?q=place_id:ChIJAQAAMMiZyzsR2XJdMGLV2v8,,3.8,5510,₹₹,,,,,,,,,,,,,,,,,,,Google Map Places New V2 API,,Cold Lead,2026-05-16 20:31,,
Mandi Tales & Restaurant,,Restaurant,Shivam Road,"Shivam Rd, above VI showroom, beside OU, Indraprasth Colony, DD Colony, Amberpet, Hyderabad, Telangana 500007, India",17.405165,78.51555189999999,https://www.google.com/maps/place/?q=place_id:ChIJ725uRPOZyzsRtWAF8NX2aDo,,4.4,75,₹₹,,,,,,,,,,,,,,,,,,,Google Map Places New V2 API,,Cold Lead,2026-05-16 20:31,,
Starbucks,,Coffee Shop,Jubilee Hills,"No 12, Plot No 566, Road No. 92, near Road, MLA Colony, Jubilee Hills, Hyderabad, Telangana 500096, India",17.4169503,78.4163256,https://www.google.com/maps/place/?q=place_id:ChIJ2R56Fc6WyzsR9DutuZqZwNI,,4.4,6762,₹₹₹,,,,,,,,,,,,,,,,,,,Google Maps Platform (All-Inclusive),,Cold Lead,2026-05-16 20:41,,
Mcdonald's,,Fast Food Restaurant,Jubilee Hills,"C9WF+M9J, Phase 2, HITEC City, Hyderabad, Telangana 500081, India",17.4466645,78.3731797,https://www.google.com/maps/place/?q=place_id:ChIJf6n7FACTyzsR_R8qX3XRiOI,,2.9,13,₹₹,,,,,,,,,,,,,,,,,,,Google Maps Platform (All-Inclusive),,Cold Lead,2026-05-16 20:41,,
Van Lavino Cafe & Patisserie - Jubilee Hills,,Cafe,Jubilee Hills,"Shop No 4, Road No. 36, Jubilee Hills, Hyderabad, Telangana 500033, India",17.429286599999998,78.4102044,https://www.google.com/maps/place/?q=place_id:ChIJSWMYgDaRyzsRYFK7KzN9T-w,,4.3,3292,₹₹₹,,,,,,,,,,,,,,,,,,,Google Maps Platform (All-Inclusive),,Cold Lead,2026-05-16 20:41,,
Buffalo Wild Wings,,Sports Bar,Jubilee Hills,"806, Road No. 36, CBI Colony, Jubilee Hills, Hyderabad, Telangana 500033, India",17.4334688,78.4051312,https://www.google.com/maps/place/?q=place_id:ChIJER7FaUiRyzsRrGYyP5854XE,,4.4,9048,₹₹₹,,,,,,,,,,,,,,,,,,,Google Maps Platform (All-Inclusive),,Cold Lead,2026-05-16 20:41,,
The Hoppery,,Bar,Jubilee Hills,"Inside Durgam Cheruvu, Road no 46, Near Ambedkar University, Masthan Nagar, CBI Colony, Jubilee Hills, Hyderabad, Telangana 500033, India",17.4297908,78.3926773,https://www.google.com/maps/place/?q=place_id:ChIJSfsvCFGRyzsRVVHDEqPTedg,,4.2,1665,₹₹,,,,,,,,,,,,,,,,,,,Google Maps Platform (All-Inclusive),,Cold Lead,2026-05-16 20:41,,
AnTeRa Kitchen and Bar,,South Indian Restaurant,Jubilee Hills,"Plot no, 265/A, Road Number 10, Jubilee Hills, Hyderabad, Telangana 500033, India",17.434495899999998,78.41416149999999,https://www.google.com/maps/place/?q=place_id:ChIJOzW0ax-RyzsRGDcslStfLQs,,4.2,13833,₹₹₹,,,,,,,,,,,,,,,,,,,Google Maps Platform (All-Inclusive),,Cold Lead,2026-05-16 20:41,,
HIRO Pan Asian Bar & Kitchen,,Fine Dining Restaurant,Jubilee Hills,"775/A, Road No. 45 Jubilee Hills, CBI Colony, Jubilee Hills, Hyderabad, Telangana 500033, India",17.433335,78.39878410000001,https://www.google.com/maps/place/?q=place_id:ChIJhY-DEwCRyzsRl0ucXcJfBuA,,4.2,336,₹₹,,,,,,,,,,,,,,,,,,,Google Maps Platform (All-Inclusive),,Cold Lead,2026-05-16 20:41,,
Roastery Coffee House,,Coffee Shop,Banjara Hills,"8 2, 287/12, 418, Road No. 14, BNR Colony, Venkat Nagar, Banjara Hills, Hyderabad, Telangana 500034, India",17.4234146,78.4315946,https://www.google.com/maps/place/?q=place_id:ChIJWUl-wiqXyzsRud1hDiZM0aM,,4.4,15160,₹₹,,,,,,,,,,,,,,,,,,,Google Maps Platform (All-Inclusive),,Cold Lead,2026-05-16 20:41,,
Hard Rock Cafe,,American Restaurant,Banjara Hills,"Gvk One, Road No. 1, Balapur Basthi, Banjara Hills, Hyderabad, Telangana 500034, India",17.4187305,78.44876409999999,https://www.google.com/maps/place/?q=place_id:ChIJ1d3mkjaXyzsRFqP7f3X9P1A,,4.3,11460,₹₹₹,,,,,,,,,,,,,,,,,,,Google Maps Platform (All-Inclusive),,Cold Lead,2026-05-16 20:41,,
Tambo,,Restaurant,Banjara Hills,"Plot No 49, Park View Enclave, Jubilee Hills, Hyderabad, Telangana 500034, India",17.4291998,78.4189681,https://www.google.com/maps/place/?q=place_id:ChIJfTVHBQCRyzsRkixeJUulBaU,,4.5,382,₹₹,,,,,,,,,,,,,,,,,,,Google Maps Platform (All-Inclusive),,Cold Lead,2026-05-16 20:41,,
